-- phpMyAdmin SQL Dump
-- version 4.8.3
-- https://www.phpmyadmin.net/
--
-- Host: localhost:3306
-- Generation Time: Nov 05, 2019 at 09:05 AM
-- Server version: 5.5.61-38.13-log
-- PHP Version: 7.2.7

SET SQL_MODE = "NO_AUTO_VALUE_ON_ZERO";
SET AUTOCOMMIT = 0;
START TRANSACTION;
SET time_zone = "+00:00";


/*!40101 SET @OLD_CHARACTER_SET_CLIENT=@@CHARACTER_SET_CLIENT */;
/*!40101 SET @OLD_CHARACTER_SET_RESULTS=@@CHARACTER_SET_RESULTS */;
/*!40101 SET @OLD_COLLATION_CONNECTION=@@COLLATION_CONNECTION */;
/*!40101 SET NAMES utf8mb4 */;

--
-- Database: `xplor4br_mrm`
--

-- --------------------------------------------------------

--
-- Table structure for table `admin`
--

CREATE TABLE `admin` (
  `id` int(20) NOT NULL,
  `credits_per_service` int(20) NOT NULL DEFAULT '3'
) ENGINE=InnoDB DEFAULT CHARSET=latin1;

--
-- Dumping data for table `admin`
--

INSERT INTO `admin` (`id`, `credits_per_service`) VALUES
(1, 3);

-- --------------------------------------------------------

--
-- Table structure for table `available_slot`
--

CREATE TABLE `available_slot` (
  `id` int(11) NOT NULL,
  `emp_id` int(10) DEFAULT NULL,
  `zone_id` int(10) DEFAULT NULL,
  `date` varchar(50) DEFAULT NULL,
  `slot_id` int(10) DEFAULT NULL,
  `available` enum('YES','NO') DEFAULT NULL
) ENGINE=InnoDB DEFAULT CHARSET=latin1;

--
-- Dumping data for table `available_slot`
--

INSERT INTO `available_slot` (`id`, `emp_id`, `zone_id`, `date`, `slot_id`, `available`) VALUES
(9, 1, 1, '2019-11-04', 1, 'NO'),
(10, 1, 1, '2019-11-04', 2, 'NO'),
(11, 1, 1, '2019-11-04', 3, 'YES'),
(12, 1, 1, '2019-11-04', 4, 'YES'),
(13, 1, 1, '2019-11-04', 5, 'YES'),
(14, 1, 1, '2019-11-04', 6, 'YES'),
(15, 1, 1, '2019-11-04', 7, 'YES'),
(16, 19, 1, '2019-11-04', 1, 'YES'),
(17, 19, 1, '2019-11-04', 2, 'YES'),
(18, 19, 1, '2019-11-04', 3, 'YES'),
(19, 19, 1, '2019-11-04', 4, 'YES'),
(20, 19, 1, '2019-11-04', 5, 'YES'),
(21, 19, 1, '2019-11-04', 6, 'YES'),
(22, 19, 1, '2019-11-04', 7, 'YES'),
(23, 21, 1, '2019-11-04', 1, 'YES'),
(24, 21, 1, '2019-11-04', 2, 'YES'),
(25, 21, 1, '2019-11-04', 3, 'YES'),
(26, 21, 1, '2019-11-04', 4, 'YES'),
(27, 21, 1, '2019-11-04', 5, 'YES'),
(28, 21, 1, '2019-11-04', 6, 'YES'),
(29, 21, 1, '2019-11-04', 7, 'YES'),
(191, 1, 1, '2019-11-05', 1, 'NO'),
(192, 1, 1, '2019-11-05', 2, 'NO'),
(193, 1, 1, '2019-11-05', 3, 'YES'),
(194, 1, 1, '2019-11-05', 4, 'YES'),
(195, 1, 1, '2019-11-05', 5, 'YES'),
(196, 1, 1, '2019-11-05', 6, 'YES'),
(197, 1, 1, '2019-11-05', 7, 'YES'),
(198, 19, 1, '2019-11-05', 1, 'YES'),
(199, 19, 1, '2019-11-05', 2, 'YES'),
(200, 19, 1, '2019-11-05', 3, 'YES'),
(201, 19, 1, '2019-11-05', 4, 'YES'),
(202, 19, 1, '2019-11-05', 5, 'YES'),
(203, 19, 1, '2019-11-05', 6, 'YES'),
(204, 19, 1, '2019-11-05', 7, 'YES'),
(205, 21, 1, '2019-11-05', 1, 'YES'),
(206, 21, 1, '2019-11-05', 2, 'YES'),
(207, 21, 1, '2019-11-05', 3, 'YES'),
(208, 21, 1, '2019-11-05', 4, 'YES'),
(209, 21, 1, '2019-11-05', 5, 'YES'),
(210, 21, 1, '2019-11-05', 6, 'YES'),
(211, 21, 1, '2019-11-05', 7, 'YES'),
(212, 1, 1, '2019-11-06', 1, 'NO'),
(213, 1, 1, '2019-11-06', 2, 'NO'),
(214, 1, 1, '2019-11-06', 3, 'YES'),
(215, 1, 1, '2019-11-06', 4, 'YES'),
(216, 1, 1, '2019-11-06', 5, 'YES'),
(217, 1, 1, '2019-11-06', 6, 'YES'),
(218, 1, 1, '2019-11-06', 7, 'YES'),
(219, 19, 1, '2019-11-06', 1, 'YES'),
(220, 19, 1, '2019-11-06', 2, 'YES'),
(221, 19, 1, '2019-11-06', 3, 'YES'),
(222, 19, 1, '2019-11-06', 4, 'YES'),
(223, 19, 1, '2019-11-06', 5, 'YES'),
(224, 19, 1, '2019-11-06', 6, 'YES'),
(225, 19, 1, '2019-11-06', 7, 'YES'),
(226, 21, 1, '2019-11-06', 1, 'YES'),
(227, 21, 1, '2019-11-06', 2, 'YES'),
(228, 21, 1, '2019-11-06', 3, 'YES'),
(229, 21, 1, '2019-11-06', 4, 'YES'),
(230, 21, 1, '2019-11-06', 5, 'YES'),
(231, 21, 1, '2019-11-06', 6, 'YES'),
(232, 21, 1, '2019-11-06', 7, 'YES'),
(233, 46, 2, '2019-11-2', 1, 'YES'),
(234, 46, 2, '2019-11-2', 3, 'YES'),
(235, 46, 2, '2019-11-2', 5, 'YES'),
(236, 46, 2, '2019-11-2', 7, 'YES'),
(237, 46, 2, '2019-11-2', 2, 'NO'),
(238, 46, 2, '2019-11-2', 4, 'NO'),
(239, 46, 2, '2019-11-2', 6, 'NO'),
(240, 1, 2, '2019-11-2', 4, 'YES'),
(241, 1, 2, '2019-11-2', 5, 'YES'),
(242, 1, 2, '2019-11-2', 6, 'YES'),
(243, 1, 2, '2019-11-2', 1, 'NO'),
(244, 1, 2, '2019-11-2', 2, 'NO'),
(245, 1, 2, '2019-11-2', 3, 'NO'),
(246, 1, 2, '2019-11-2', 7, 'NO');

-- --------------------------------------------------------

--
-- Table structure for table `banks`
--

CREATE TABLE `banks` (
  `id` int(20) NOT NULL,
  `name` varchar(100) DEFAULT NULL
) ENGINE=InnoDB DEFAULT CHARSET=latin1;

--
-- Dumping data for table `banks`
--

INSERT INTO `banks` (`id`, `name`) VALUES
(1, 'STATE BANK OF INDIA'),
(2, 'INDIAN BANK'),
(3, 'AXIS BANK'),
(4, 'INDIAN OVERSEAS BANK'),
(5, 'KARNATAKA BANK'),
(6, 'KARUR VYSYA BANK'),
(7, 'CATHOLIC SYRIAN BANK'),
(8, 'HDFC BANK'),
(9, 'ICICI BANK'),
(10, 'HSBC BANK');

-- --------------------------------------------------------

--
-- Table structure for table `banners`
--

CREATE TABLE `banners` (
  `id` int(11) NOT NULL,
  `name` varchar(255) NOT NULL,
  `image` varchar(255) NOT NULL,
  `is_display` enum('YES','NO') NOT NULL DEFAULT 'YES',
  `date` date NOT NULL
) ENGINE=InnoDB DEFAULT CHARSET=latin1;

--
-- Dumping data for table `banners`
--

INSERT INTO `banners` (`id`, `name`, `image`, `is_display`, `date`) VALUES
(1, 'banner 1', 'https://innowity.com/mrmaintanance/images/banners/android_banner1.png', 'YES', '2019-09-11'),
(2, 'banner 2', 'https://innowity.com/mrmaintanance/images/banners/android_banner1.png', 'YES', '2019-09-11');

-- --------------------------------------------------------

--
-- Table structure for table `booking`
--

CREATE TABLE `booking` (
  `id` int(50) NOT NULL,
  `home_category_id` int(10) DEFAULT NULL,
  `rescheduled_count` int(10) NOT NULL DEFAULT '0',
  `user_id` int(10) DEFAULT NULL,
  `estimate` int(10) NOT NULL DEFAULT '0',
  `tax_percent` int(20) NOT NULL DEFAULT '0',
  `tax_amount` int(20) NOT NULL DEFAULT '0',
  `total` int(20) NOT NULL DEFAULT '0',
  `coupon` varchar(500) DEFAULT NULL,
  `coupon_reduce` int(20) NOT NULL DEFAULT '0',
  `wallet_reduce` int(20) NOT NULL DEFAULT '0',
  `user_address_id` int(10) DEFAULT NULL,
  `date` varchar(50) DEFAULT NULL,
  `slot_id` int(10) DEFAULT NULL,
  `emp_id` int(10) DEFAULT NULL,
  `credits` int(10) NOT NULL DEFAULT '3',
  `otp` varchar(10) DEFAULT NULL,
  `status` enum('PLACED','ACCEPTED','COMPLETED','RESCHEDULED','CANCELLED') NOT NULL DEFAULT 'PLACED',
  `servicer_status` enum('Completed','Cancelled','Pending') DEFAULT NULL,
  `servicer_comment` enum('Appliance Fixed, Delivery in 24 hours','Repair in Progress, Delivery in 2 days','Repair in Progress, Delivery in 3-4 days','Unable to repair, Delivery in 24 hours') DEFAULT NULL,
  `servicer_reschedule_count` int(10) DEFAULT '0',
  `payment` enum('PENDING','COMPLETED','CANCELLED') NOT NULL DEFAULT 'PENDING',
  `payment_type` enum('CASH','ONLINE') DEFAULT NULL,
  `created` varchar(50) DEFAULT NULL,
  `expiry` varchar(50) DEFAULT NULL,
  `updated` varchar(50) DEFAULT NULL
) ENGINE=InnoDB DEFAULT CHARSET=latin1;

--
-- Dumping data for table `booking`
--

INSERT INTO `booking` (`id`, `home_category_id`, `rescheduled_count`, `user_id`, `estimate`, `tax_percent`, `tax_amount`, `total`, `coupon`, `coupon_reduce`, `wallet_reduce`, `user_address_id`, `date`, `slot_id`, `emp_id`, `credits`, `otp`, `status`, `servicer_status`, `servicer_comment`, `servicer_reschedule_count`, `payment`, `payment_type`, `created`, `expiry`, `updated`) VALUES
(2, 1, 0, 24, 2590, 18, 466, 3056, NULL, 0, 0, 1, '2019-10-24', 1, 19, 3, '1234', 'CANCELLED', 'Cancelled', '', 0, 'CANCELLED', NULL, NULL, NULL, '2019-10-14 11:24:09'),
(4, 1, 0, 24, 850, 18, 153, 1003, NULL, 0, 0, 1, '2019-10-24', 1, 19, 3, '1234', 'CANCELLED', 'Cancelled', '', 0, 'CANCELLED', NULL, NULL, NULL, '2019-10-15 01:04:23'),
(5, 1, 0, 24, 850, 18, 153, 1003, NULL, 0, 0, 1, '2019-10-24', 1, 19, 3, '1234', 'CANCELLED', 'Cancelled', '', 0, 'CANCELLED', NULL, NULL, NULL, '2019-10-16 11:17:41'),
(11119001, 1, 0, 24, 890, 18, 160, 1050, NULL, 0, 0, 1, '2019-11-02', 1, NULL, 3, NULL, 'PLACED', 'Pending', NULL, 0, 'PENDING', NULL, '2019-11-01', NULL, '2019-11-01'),
(11119002, 1, 0, 24, 890, 18, 160, 1050, NULL, 0, 0, 1, '2019-11-02', 1, NULL, 3, NULL, 'PLACED', 'Pending', NULL, 0, 'PENDING', NULL, NULL, NULL, '2019-11-01'),
(11119003, 1, 0, 24, 890, 18, 160, 1050, NULL, 0, 0, 1, '2019-11-02', 1, NULL, 3, NULL, 'PLACED', 'Pending', NULL, 0, 'PENDING', NULL, NULL, NULL, '2019-11-01'),
(11119004, 1, 0, 89, 850, 18, 153, 1003, NULL, 0, 0, 94, '2019-11-02', 1, NULL, 3, NULL, 'PLACED', 'Pending', NULL, 0, 'PENDING', NULL, NULL, NULL, '2019-11-01'),
(11119005, 1, 0, 89, 890, 18, 160, 1050, NULL, 0, 0, 95, '2019-11-01', 2, NULL, 3, NULL, 'PLACED', 'Pending', NULL, 0, 'PENDING', NULL, NULL, NULL, '2019-11-01'),
(11119006, 1, 0, 89, 1780, 18, 320, 2100, NULL, 0, 0, 95, '2019-11-01', 1, NULL, 3, NULL, 'PLACED', 'Pending', NULL, 0, 'PENDING', NULL, NULL, NULL, '2019-11-01'),
(11119007, 1, 0, 89, 2630, 18, 473, 3103, NULL, 0, 0, 95, '2019-11-03', 3, NULL, 3, NULL, 'PLACED', 'Pending', NULL, 0, 'PENDING', NULL, NULL, NULL, '2019-11-01'),
(11119008, 1, 0, 24, 890, 18, 160, 1050, NULL, 0, 0, 1, '2019-11-02', 1, NULL, 3, NULL, 'PLACED', 'Pending', NULL, 0, 'PENDING', NULL, NULL, NULL, '2019-11-01'),
(11119009, 1, 0, 89, 4000, 18, 720, 4720, NULL, 0, 0, 103, '2019-11-02', 3, NULL, 3, NULL, 'PLACED', 'Pending', NULL, 0, 'PENDING', NULL, NULL, NULL, '2019-11-01'),
(11119010, 2, 0, 89, 2999, 16, 480, 3479, NULL, 0, 0, NULL, NULL, NULL, NULL, 3, NULL, 'PLACED', 'Pending', NULL, 0, 'PENDING', NULL, '2019-11-01', '2020-10-31 14:23:57', '2019-11-01'),
(11119011, 2, 0, 24, 8000, 16, 1280, 9280, NULL, 0, 0, NULL, NULL, NULL, NULL, 3, NULL, 'PLACED', 'Pending', NULL, 0, 'PENDING', NULL, '2019-11-01', '2020-10-31 14:23:59', '2019-11-01'),
(11119012, 2, 0, 89, 2999, 16, 480, 3479, NULL, 0, 0, NULL, NULL, NULL, NULL, 3, NULL, 'PLACED', 'Pending', NULL, 0, 'PENDING', NULL, '2019-11-01', '2020-10-31 14:24:46', '2019-11-01'),
(11119013, 2, 0, 89, 4000, 16, 640, 4640, NULL, 0, 0, NULL, NULL, NULL, NULL, 3, NULL, 'PLACED', 'Pending', NULL, 0, 'PENDING', NULL, '2019-11-01', '2020-10-31 14:25:11', '2019-11-01'),
(11119014, 1, 0, 89, 850, 18, 153, 1003, NULL, 0, 0, 95, '2019-11-01', 1, NULL, 3, NULL, 'PLACED', 'Pending', NULL, 0, 'PENDING', NULL, NULL, NULL, '2019-11-01'),
(11119015, 2, 0, 89, 12000, 16, 1920, 13920, NULL, 0, 0, NULL, NULL, NULL, NULL, 3, NULL, 'PLACED', 'Pending', NULL, 0, 'PENDING', NULL, '2019-11-01', '2020-10-31 14:42:04', '2019-11-01'),
(11119016, 2, 0, 89, 4000, 16, 640, 4640, NULL, 0, 0, NULL, NULL, NULL, NULL, 3, NULL, 'PLACED', 'Pending', NULL, 0, 'PENDING', NULL, '2019-11-01', '2020-10-31 14:43:44', '2019-11-01'),
(11119017, 2, 0, 89, 2999, 16, 480, 3479, NULL, 0, 0, NULL, NULL, NULL, NULL, 3, NULL, 'PLACED', 'Pending', NULL, 0, 'PENDING', NULL, '2019-11-01', '2020-10-31 14:47:23', '2019-11-01'),
(21119001, 2, 0, 89, 4000, 16, 640, 4640, NULL, 0, 0, NULL, NULL, NULL, NULL, 3, NULL, 'PLACED', 'Pending', NULL, 0, 'PENDING', NULL, '2019-11-02', '2020-11-01 06:25:57', '2019-11-02'),
(21119002, 1, 0, 131, 74620, 18, 13432, 88052, NULL, 0, 0, 128, '2019-11-02', 1, NULL, 3, NULL, 'PLACED', 'Pending', NULL, 0, 'PENDING', NULL, NULL, NULL, '2019-11-02'),
(21119003, 1, 0, 131, 16670, 18, 3001, 19671, NULL, 0, 0, 128, '2019-11-02', 2, NULL, 3, NULL, 'PLACED', 'Pending', NULL, 0, 'PENDING', NULL, NULL, NULL, '2019-11-02'),
(21119004, 1, 0, 89, 1780, 18, 320, 2100, NULL, 0, 0, 94, '2019-11-02', 1, NULL, 3, NULL, 'PLACED', 'Pending', NULL, 0, 'PENDING', NULL, NULL, NULL, '2019-11-02'),
(21119005, 1, 0, 89, 890, 18, 160, 1050, NULL, 0, 0, 94, '2019-11-03', 5, NULL, 3, NULL, 'PLACED', 'Pending', NULL, 0, 'PENDING', NULL, NULL, NULL, '2019-11-02'),
(151019001, 1, 2, 24, 850, 18, 153, 1003, NULL, 0, 0, 1, '2019-10-23', 1, 19, 3, '1234', 'RESCHEDULED', 'Pending', 'Repair in Progress, Delivery in 2 days', 0, 'PENDING', NULL, NULL, NULL, '2019-10-16 12:38:06'),
(151019002, 1, 2, 24, 850, 18, 153, 1003, NULL, 0, 0, 1, '2019-10-23', 1, 19, 3, '1234', 'RESCHEDULED', 'Pending', 'Repair in Progress, Delivery in 2 days', 0, 'PENDING', NULL, NULL, NULL, '2019-10-16 12:45:51'),
(151019003, 1, 2, 24, 850, 18, 153, 1003, NULL, 0, 0, 1, '2019-10-18', 1, 19, 3, '1234', 'RESCHEDULED', 'Pending', 'Repair in Progress, Delivery in 2 days', 0, 'PENDING', NULL, NULL, NULL, '2019-10-16 01:01:01'),
(151019004, 1, 0, 24, 2550, 18, 459, 3009, NULL, 0, 0, 1, '2019-10-30', 1, 1, 3, '1234', 'PLACED', 'Pending', 'Unable to repair, Delivery in 24 hours', 0, 'PENDING', NULL, NULL, NULL, '2019-10-15 05:40:26'),
(161019001, 1, 0, 89, 18090, 18, 3256, 21346, NULL, 0, 0, 95, '2019-10-25', 1, 1, 3, '1234', 'PLACED', 'Pending', 'Unable to repair, Delivery in 24 hours', 0, 'PENDING', NULL, NULL, NULL, '2019-10-16 11:46:58'),
(161019002, 1, 0, 89, 850, 18, 153, 1003, NULL, 0, 0, 95, '2019-10-23', 1, 19, 3, '1234', 'PLACED', 'Pending', 'Appliance Fixed, Delivery in 24 hours', 0, 'PENDING', NULL, NULL, NULL, '2019-10-16 11:55:36'),
(161019003, 1, 0, 89, 2630, 18, 473, 3103, NULL, 0, 0, 94, '2019-10-23', 1, 19, 3, '1234', 'PLACED', 'Pending', 'Repair in Progress, Delivery in 2 days', 0, 'PENDING', NULL, NULL, NULL, '2019-10-16 12:03:21'),
(161019004, 1, 0, 89, 3520, 18, 634, 4154, NULL, 0, 0, 103, '2019-10-23', 1, 19, 3, '1234', 'PLACED', 'Pending', 'Appliance Fixed, Delivery in 24 hours', 0, 'PENDING', NULL, NULL, NULL, '2019-10-16 12:37:31'),
(161019005, 1, 0, 89, 890, 18, 160, 1050, NULL, 0, 0, 103, '2019-10-23', 1, 19, 3, '1234', 'PLACED', 'Pending', 'Repair in Progress, Delivery in 2 days', 0, 'PENDING', NULL, NULL, NULL, '2019-10-16 12:53:00'),
(161019006, 1, 0, 89, 850, 18, 153, 1003, NULL, 0, 0, 94, '2019-10-23', 1, 19, 3, NULL, 'CANCELLED', 'Cancelled', 'Unable to repair, Delivery in 24 hours', 0, 'CANCELLED', NULL, NULL, NULL, '2019-10-24 01:48:47'),
(161019007, 1, 0, 89, 850, 18, 153, 1003, NULL, 0, 0, 95, '2019-10-25', 1, 19, 3, '1234', 'PLACED', 'Pending', 'Repair in Progress, Delivery in 2 days', 0, 'PENDING', NULL, NULL, NULL, '2019-10-16 01:05:13'),
(161019008, 1, 0, 24, 12260, 18, 2207, 14467, 'FIRST', 50, 90, 1, '2019-10-23', 2, 19, 3, '1234', 'ACCEPTED', 'Completed', 'Repair in Progress, Delivery in 3-4 days', 0, 'PENDING', NULL, NULL, NULL, '2019-10-16 02:13:58'),
(161019009, 1, 0, 89, 5100, 18, 918, 6018, NULL, 0, 0, 103, '2019-10-23', 1, 19, 3, NULL, 'COMPLETED', 'Completed', '', 0, 'PENDING', NULL, NULL, NULL, '2019-10-16 04:02:26'),
(161019010, 1, 0, 89, 13030, 18, 2345, 15375, NULL, 0, 0, 94, '2019-10-29', 1, 1, 3, NULL, 'COMPLETED', 'Completed', '', 0, 'PENDING', NULL, NULL, NULL, '2019-10-16 04:37:55'),
(161019011, 1, 1, 89, 6150, 18, 1107, 7257, NULL, 0, 0, 103, '2019-10-30', 5, 46, 3, '1234', 'RESCHEDULED', 'Pending', 'Repair in Progress, Delivery in 2 days', 0, 'PENDING', NULL, NULL, NULL, '2019-10-30 07:36:09'),
(161019012, 1, 1, 89, 850, 18, 153, 1003, NULL, 0, 0, 95, '2019-10-30', 1, 46, 3, '1234', 'RESCHEDULED', 'Pending', 'Repair in Progress, Delivery in 3-4 days', 0, 'PENDING', NULL, NULL, NULL, '2019-10-30 07:16:53'),
(161019013, 1, 0, 89, 850, 18, 153, 1003, NULL, 0, 0, 116, '2019-10-30', 5, 1, 3, NULL, 'COMPLETED', 'Completed', '', 0, 'COMPLETED', NULL, NULL, NULL, '2019-10-16 07:23:23'),
(171019001, 1, 0, 89, 4450, 18, 801, 5251, NULL, 0, 0, 103, '2019-10-30', 1, 1, 3, NULL, 'CANCELLED', 'Cancelled', 'Repair in Progress, Delivery in 2 days', 0, 'CANCELLED', NULL, NULL, NULL, '2019-11-01 05:38:54'),
(191104001, 1, 0, 24, 890, 18, 160, 1050, NULL, 0, 0, 1, '2019-11-04', 1, NULL, 3, NULL, 'PLACED', 'Pending', NULL, 0, 'PENDING', NULL, '2019-11-04', NULL, '2019-11-04'),
(191104002, 1, 0, 24, 890, 18, 160, 1050, NULL, 0, 0, 1, '2019-11-04', 1, NULL, 3, NULL, 'PLACED', 'Pending', NULL, 0, 'PENDING', NULL, NULL, NULL, '2019-11-04'),
(191104003, 1, 0, 89, 500, 18, 90, 590, NULL, 0, 0, 116, '2019-11-05', 5, NULL, 3, NULL, 'PLACED', NULL, NULL, 0, 'PENDING', NULL, NULL, NULL, '2019-11-04'),
(191104004, 2, 0, 29, 4000, 16, 640, 4640, NULL, 0, 0, NULL, NULL, NULL, NULL, 3, NULL, 'PLACED', NULL, NULL, 0, 'PENDING', NULL, '2019-11-04', '2020-11-03 15:34:34', '2019-11-04'),
(291019001, 2, 0, 24, 4000, 16, 640, 4640, NULL, 0, 0, NULL, NULL, NULL, NULL, 3, NULL, 'PLACED', 'Pending', NULL, 0, 'PENDING', NULL, '2019-10-29', '2020-10-28 14:13:57', '2019-10-29'),
(291019002, 2, 0, 24, 4000, 16, 640, 4640, NULL, 0, 0, NULL, NULL, NULL, NULL, 3, NULL, 'PLACED', 'Pending', NULL, 0, 'PENDING', NULL, '2019-10-29', '2020-10-28 14:14:28', '2019-10-29'),
(291019003, 2, 0, 24, 3999, 16, 640, 4639, NULL, 0, 0, NULL, NULL, NULL, NULL, 3, NULL, 'PLACED', 'Pending', NULL, 0, 'PENDING', NULL, '2019-10-29', '2020-10-28 14:15:45', '2019-10-29'),
(291019004, 2, 0, 24, 4000, 16, 640, 4640, NULL, 0, 0, NULL, NULL, NULL, NULL, 3, NULL, 'PLACED', 'Pending', NULL, 0, 'PENDING', NULL, '2019-10-29', '2020-10-28 14:22:54', '2019-10-29'),
(291019005, 2, 0, 89, 2999, 16, 480, 3479, NULL, 0, 0, NULL, NULL, NULL, NULL, 3, NULL, 'PLACED', 'Pending', NULL, 0, 'PENDING', NULL, '2019-10-29', '2020-10-28 14:41:34', '2019-10-29'),
(291019006, 1, 0, 89, 500, 18, 90, 590, NULL, 0, 0, 95, '2019-10-29', 1, NULL, 3, NULL, 'PLACED', 'Pending', NULL, 0, 'PENDING', NULL, NULL, NULL, '2019-10-29 08:29:23'),
(291019007, 1, 0, 89, 5760, 18, 1037, 6797, NULL, 0, 0, 94, '2019-10-29', 3, NULL, 3, NULL, 'PLACED', 'Pending', NULL, 0, 'PENDING', NULL, NULL, NULL, '2019-10-29 08:31:37'),
(291019008, 2, 0, 89, 8000, 16, 1280, 9280, NULL, 0, 0, NULL, NULL, NULL, NULL, 3, NULL, 'PLACED', 'Pending', NULL, 0, 'PENDING', NULL, '2019-10-29', '2020-10-28 15:02:58', '2019-10-29'),
(291019009, 2, 0, 89, 2999, 16, 480, 3479, NULL, 0, 0, NULL, NULL, NULL, NULL, 3, NULL, 'PLACED', 'Pending', NULL, 0, 'PENDING', NULL, '2019-10-29', '2020-10-28 15:03:50', '2019-10-29'),
(301019001, 1, 0, 89, 500, 18, 90, 590, NULL, 0, 0, 116, '2019-10-31', 1, NULL, 3, NULL, 'PLACED', 'Pending', NULL, 0, 'PENDING', NULL, '2019-10-30 11:46:23', NULL, '2019-10-30 11:46:23'),
(301019002, 2, 0, 89, 2999, 16, 480, 3479, NULL, 0, 0, NULL, NULL, NULL, NULL, 3, NULL, 'PLACED', 'Pending', NULL, 0, 'PENDING', NULL, '2019-10-30', '2020-10-29 06:17:32', '2019-10-30'),
(301019003, 2, 0, 89, 3999, 16, 640, 4639, NULL, 0, 0, NULL, NULL, NULL, NULL, 3, NULL, 'PLACED', 'Pending', NULL, 0, 'PENDING', NULL, '2019-10-30', '2020-10-29 15:07:23', '2019-10-30'),
(311019001, 2, 0, 89, 4000, 16, 640, 4640, NULL, 0, 0, NULL, NULL, NULL, NULL, 3, NULL, 'PLACED', 'Pending', NULL, 0, 'PENDING', NULL, '2019-10-31', '2020-10-30 12:05:03', '2019-10-31'),
(311019002, 1, 0, 131, 6840, 18, 1231, 8071, NULL, 0, 0, 128, '2019-10-31', 2, NULL, 3, NULL, 'PLACED', 'Pending', NULL, 0, 'PENDING', NULL, NULL, NULL, '2019-10-31 07:09:19'),
(311019003, 1, 0, 131, 850, 18, 153, 1003, NULL, 0, 0, 128, '2019-10-31', 2, NULL, 3, NULL, 'PLACED', 'Pending', NULL, 0, 'PENDING', NULL, NULL, NULL, '2019-10-31 07:21:52');

-- --------------------------------------------------------

--
-- Table structure for table `booking_address`
--

CREATE TABLE `booking_address` (
  `id` int(11) NOT NULL,
  `booking_id` int(11) NOT NULL,
  `user_address_id` int(11) NOT NULL,
  `name` varchar(255) NOT NULL,
  `mobile` varchar(255) NOT NULL,
  `address` varchar(1000) NOT NULL,
  `landmark` varchar(1000) NOT NULL,
  `date` date NOT NULL
) ENGINE=InnoDB DEFAULT CHARSET=latin1;

-- --------------------------------------------------------

--
-- Table structure for table `booking_item`
--

CREATE TABLE `booking_item` (
  `id` int(10) NOT NULL,
  `booking_id` int(10) DEFAULT NULL,
  `product_id` int(10) DEFAULT NULL,
  `count` int(10) NOT NULL DEFAULT '0',
  `price` int(10) NOT NULL DEFAULT '0'
) ENGINE=InnoDB DEFAULT CHARSET=latin1;

--
-- Dumping data for table `booking_item`
--

INSERT INTO `booking_item` (`id`, `booking_id`, `product_id`, `count`, `price`) VALUES
(2, 2, 2, 1, 890),
(3, 2, 1, 2, 1700),
(4, 151019001, 1, 1, 850),
(5, 4, 1, 1, 850),
(6, 5, 1, 1, 850),
(7, 151019002, 1, 1, 850),
(8, 151019003, 1, 1, 850),
(9, 151019004, 1, 3, 2550),
(10, 161019001, 1, 15, 12750),
(11, 161019001, 2, 1, 890),
(12, 161019001, 3, 5, 4450),
(13, 161019002, 1, 1, 850),
(14, 161019003, 1, 1, 850),
(15, 161019003, 2, 1, 890),
(16, 161019003, 3, 1, 890),
(17, 161019004, 3, 2, 1780),
(18, 161019004, 2, 1, 890),
(19, 161019004, 1, 1, 850),
(20, 161019005, 3, 1, 890),
(21, 161019006, 7, 1, 850),
(22, 161019007, 7, 1, 850),
(23, 161019008, 4, 3, 2550),
(24, 161019008, 5, 5, 4450),
(25, 161019008, 6, 3, 2670),
(26, 161019008, 1, 1, 850),
(27, 161019008, 2, 1, 890),
(28, 161019008, 7, 1, 850),
(29, 161019009, 1, 3, 2550),
(30, 161019009, 2, 3, 2550),
(31, 161019010, 1, 8, 6800),
(32, 161019010, 2, 4, 3560),
(33, 161019010, 3, 3, 2670),
(34, 161019011, 1, 1, 850),
(35, 161019011, 3, 1, 890),
(36, 161019011, 5, 1, 890),
(37, 161019011, 6, 1, 890),
(38, 161019011, 9, 1, 890),
(39, 161019011, 7, 1, 850),
(40, 161019011, 8, 1, 890),
(41, 161019012, 1, 1, 850),
(42, 161019013, 1, 1, 850),
(43, 171019001, 3, 4, 3560),
(44, 171019001, 2, 1, 890),
(46, 291019006, 14, 1, 500),
(47, 291019007, 5, 2, 1780),
(48, 291019007, 10, 1, 500),
(49, 291019007, 4, 1, 850),
(50, 291019007, 6, 1, 890),
(51, 291019007, 7, 1, 850),
(52, 291019007, 9, 1, 890),
(53, 301019001, 12, 1, 500),
(54, 311019002, 1, 7, 5950),
(55, 311019002, 5, 1, 890),
(56, 311019003, 1, 1, 850),
(83, 11119001, 2, 1, 890),
(85, 11119002, 2, 1, 890),
(86, 11119003, 2, 1, 890),
(87, 11119004, 1, 1, 850),
(88, 11119005, 2, 1, 890),
(89, 11119006, 2, 1, 890),
(90, 11119006, 3, 1, 890),
(91, 11119007, 2, 1, 890),
(92, 11119007, 1, 1, 850),
(93, 11119007, 3, 1, 890),
(94, 11119008, 2, 1, 890),
(95, 11119009, 20, 2, 4000),
(96, 11119014, 1, 1, 850),
(97, 21119002, 1, 48, 40800),
(98, 21119002, 5, 29, 25810),
(99, 21119002, 9, 9, 8010),
(100, 21119003, 1, 6, 5100),
(101, 21119003, 5, 6, 5340),
(102, 21119003, 9, 7, 6230),
(103, 21119004, 2, 1, 890),
(104, 21119004, 8, 1, 890),
(105, 21119005, 8, 1, 890),
(106, 191104001, 2, 1, 890),
(107, 191104002, 2, 1, 890),
(108, 191104003, 11, 1, 500);

-- --------------------------------------------------------

--
-- Table structure for table `booking_item_23`
--

CREATE TABLE `booking_item_23` (
  `id` int(20) NOT NULL,
  `booking_id` int(20) DEFAULT NULL,
  `main_category_id` int(20) DEFAULT NULL,
  `main_category_id_chosen` int(20) DEFAULT NULL,
  `quantity` int(10) NOT NULL DEFAULT '0',
  `visit_number` int(10) NOT NULL DEFAULT '0',
  `device_serial_number` varchar(100) DEFAULT NULL,
  `reschedule_count` int(20) NOT NULL DEFAULT '0',
  `user_address_id` int(10) DEFAULT NULL,
  `date` varchar(20) DEFAULT NULL,
  `slot_id` int(20) DEFAULT NULL,
  `emp_id` int(20) DEFAULT NULL,
  `credits` int(10) NOT NULL DEFAULT '0',
  `otp` int(10) DEFAULT NULL,
  `status` enum('PLACED','ACCEPTED','COMPLETED','RESCHEDULED','CANCELLED') DEFAULT NULL,
  `servicer_status` enum('Completed','Cancelled','Pending') DEFAULT NULL,
  `servicer_comment` enum('Appliance Fixed, Delivery in 24 hours','Repair in Progress, Delivery in 2 days','Repair in Progress, Delivery in 3-4 days','Unable to repair, Delivery in 24 hours') DEFAULT NULL,
  `servicer_reschedule_count` int(20) NOT NULL DEFAULT '0',
  `payment` enum('PENDING','COMPLETED','CANCELLED') DEFAULT NULL,
  `payment_type` enum('CASH','ONLINE') DEFAULT NULL,
  `created` varchar(100) DEFAULT NULL,
  `updated` varchar(100) DEFAULT NULL
) ENGINE=InnoDB DEFAULT CHARSET=latin1;

--
-- Dumping data for table `booking_item_23`
--

INSERT INTO `booking_item_23` (`id`, `booking_id`, `main_category_id`, `main_category_id_chosen`, `quantity`, `visit_number`, `device_serial_number`, `reschedule_count`, `user_address_id`, `date`, `slot_id`, `emp_id`, `credits`, `otp`, `status`, `servicer_status`, `servicer_comment`, `servicer_reschedule_count`, `payment`, `payment_type`, `created`, `updated`) VALUES
(139, 291019001, 8, NULL, 1, 1, NULL, 0, NULL, NULL, NULL, NULL, 0, NULL, NULL, NULL, NULL, 0, NULL, NULL, '1980', '1980'),
(140, 291019001, 8, NULL, 1, 2, NULL, 0, NULL, NULL, NULL, NULL, 0, NULL, NULL, NULL, NULL, 0, NULL, NULL, '1980', '1980'),
(141, 291019001, 8, NULL, 1, 3, NULL, 0, NULL, NULL, NULL, NULL, 0, NULL, NULL, NULL, NULL, 0, NULL, NULL, '1980', '1980'),
(142, 291019002, 8, NULL, 1, 1, NULL, 0, NULL, NULL, NULL, NULL, 0, NULL, NULL, NULL, NULL, 0, NULL, NULL, '1980', '1980'),
(143, 291019002, 8, NULL, 1, 2, NULL, 0, NULL, NULL, NULL, NULL, 0, NULL, NULL, NULL, NULL, 0, NULL, NULL, '1980', '1980'),
(144, 291019002, 8, NULL, 1, 3, NULL, 0, NULL, NULL, NULL, NULL, 0, NULL, NULL, NULL, NULL, 0, NULL, NULL, '1980', '1980'),
(145, 291019003, 11, 1, 1, 1, 'AB12CD34EF56', 0, 1, '2019-11-02', 1, 1, 3, 1234, 'PLACED', NULL, '', 0, 'PENDING', 'ONLINE', '1980', ''),
(146, 291019003, 11, 1, 1, 2, NULL, 0, 1, '2019-11-02', 1, NULL, 3, NULL, 'CANCELLED', NULL, '', 0, 'CANCELLED', NULL, '1980', '2019-11-04'),
(147, 291019003, 11, 1, 1, 3, NULL, 1, 1, '2019-11-04', 1, NULL, 3, NULL, 'CANCELLED', NULL, '', 0, 'CANCELLED', NULL, '1980', '2019-11-04'),
(148, 291019003, 11, 1, 1, 4, NULL, 1, 1, '2019-11-04', 1, NULL, 3, NULL, 'CANCELLED', NULL, '', 0, 'CANCELLED', NULL, '1980', '2019-11-04'),
(149, 291019003, 11, NULL, 1, 5, NULL, 0, NULL, NULL, NULL, NULL, 0, NULL, NULL, NULL, NULL, 0, NULL, NULL, '1980', '1980'),
(150, 291019003, 11, NULL, 1, 6, NULL, 0, NULL, NULL, NULL, NULL, 0, NULL, NULL, NULL, NULL, 0, NULL, NULL, '1980', '1980'),
(151, 291019003, 11, NULL, 1, 7, NULL, 0, NULL, NULL, NULL, NULL, 0, NULL, NULL, NULL, NULL, 0, NULL, NULL, '1980', '1980'),
(152, 291019003, 11, NULL, 1, 8, NULL, 0, NULL, NULL, NULL, NULL, 0, NULL, NULL, NULL, NULL, 0, NULL, NULL, '1980', '1980'),
(153, 291019003, 11, NULL, 1, 9, NULL, 0, NULL, NULL, NULL, NULL, 0, NULL, NULL, NULL, NULL, 0, NULL, NULL, '1980', '1980'),
(154, 291019003, 11, NULL, 1, 10, NULL, 0, NULL, NULL, NULL, NULL, 0, NULL, NULL, NULL, NULL, 0, NULL, NULL, '1980', '1980'),
(155, 291019003, 11, NULL, 1, 11, NULL, 0, NULL, NULL, NULL, NULL, 0, NULL, NULL, NULL, NULL, 0, NULL, NULL, '1980', '1980'),
(156, 291019003, 11, NULL, 1, 12, NULL, 0, NULL, NULL, NULL, NULL, 0, NULL, NULL, NULL, NULL, 0, NULL, NULL, '1980', '1980'),
(157, 291019003, 11, NULL, 1, 13, NULL, 0, NULL, NULL, NULL, NULL, 0, NULL, NULL, NULL, NULL, 0, NULL, NULL, '1980', '1980'),
(158, 291019003, 11, NULL, 1, 14, NULL, 0, NULL, NULL, NULL, NULL, 0, NULL, NULL, NULL, NULL, 0, NULL, NULL, '1980', '1980'),
(159, 291019003, 11, NULL, 1, 15, NULL, 0, NULL, NULL, NULL, NULL, 0, NULL, NULL, NULL, NULL, 0, NULL, NULL, '1980', '1980'),
(160, 291019003, 11, NULL, 1, 16, NULL, 0, NULL, NULL, NULL, NULL, 0, NULL, NULL, NULL, NULL, 0, NULL, NULL, '1980', '1980'),
(161, 291019003, 11, NULL, 1, 17, NULL, 0, NULL, NULL, NULL, NULL, 0, NULL, NULL, NULL, NULL, 0, NULL, NULL, '1980', '1980'),
(162, 291019003, 11, NULL, 1, 18, NULL, 0, NULL, NULL, NULL, NULL, 0, NULL, NULL, NULL, NULL, 0, NULL, NULL, '1980', '1980'),
(163, 291019004, 8, NULL, 1, 1, NULL, 0, NULL, '2019-10-31', NULL, NULL, 0, NULL, 'COMPLETED', NULL, NULL, 0, NULL, NULL, '2019-10-29', '2019-10-29'),
(164, 291019004, 8, 1, 1, 2, NULL, 0, 1, '2019-11-02', 1, NULL, 3, NULL, 'PLACED', NULL, NULL, 0, 'PENDING', NULL, '2019-10-29', ''),
(165, 291019004, 8, NULL, 1, 3, NULL, 0, 1, '2019-11-02', 1, NULL, 3, NULL, 'PLACED', NULL, NULL, 0, 'PENDING', NULL, '2019-10-29', '2019-11-01'),
(166, 291019005, 11, NULL, 1, 1, NULL, 0, NULL, NULL, NULL, NULL, 0, NULL, NULL, NULL, NULL, 0, NULL, NULL, '2019-10-29', '2019-10-29'),
(167, 291019005, 11, NULL, 1, 2, NULL, 0, NULL, NULL, NULL, NULL, 0, NULL, NULL, NULL, NULL, 0, NULL, NULL, '2019-10-29', '2019-10-29'),
(168, 291019005, 11, NULL, 1, 3, NULL, 0, NULL, NULL, NULL, NULL, 0, NULL, NULL, NULL, NULL, 0, NULL, NULL, '2019-10-29', '2019-10-29'),
(169, 291019005, 11, NULL, 1, 4, NULL, 0, NULL, NULL, NULL, NULL, 0, NULL, NULL, NULL, NULL, 0, NULL, NULL, '2019-10-29', '2019-10-29'),
(170, 291019005, 11, NULL, 1, 5, NULL, 0, NULL, NULL, NULL, NULL, 0, NULL, NULL, NULL, NULL, 0, NULL, NULL, '2019-10-29', '2019-10-29'),
(171, 291019005, 11, NULL, 1, 6, NULL, 0, NULL, NULL, NULL, NULL, 0, NULL, NULL, NULL, NULL, 0, NULL, NULL, '2019-10-29', '2019-10-29'),
(172, 291019005, 11, NULL, 1, 7, NULL, 0, NULL, NULL, NULL, NULL, 0, NULL, NULL, NULL, NULL, 0, NULL, NULL, '2019-10-29', '2019-10-29'),
(173, 291019005, 11, NULL, 1, 8, NULL, 0, NULL, NULL, NULL, NULL, 0, NULL, NULL, NULL, NULL, 0, NULL, NULL, '2019-10-29', '2019-10-29'),
(174, 291019005, 11, NULL, 1, 9, NULL, 0, NULL, NULL, NULL, NULL, 0, NULL, NULL, NULL, NULL, 0, NULL, NULL, '2019-10-29', '2019-10-29'),
(175, 291019005, 11, NULL, 1, 10, NULL, 0, NULL, NULL, NULL, NULL, 0, NULL, NULL, NULL, NULL, 0, NULL, NULL, '2019-10-29', '2019-10-29'),
(176, 291019005, 11, NULL, 1, 11, NULL, 0, NULL, NULL, NULL, NULL, 0, NULL, NULL, NULL, NULL, 0, NULL, NULL, '2019-10-29', '2019-10-29'),
(177, 291019005, 11, NULL, 1, 12, NULL, 0, NULL, NULL, NULL, NULL, 0, NULL, NULL, NULL, NULL, 0, NULL, NULL, '2019-10-29', '2019-10-29'),
(178, 291019005, 11, NULL, 1, 13, NULL, 0, NULL, NULL, NULL, NULL, 0, NULL, NULL, NULL, NULL, 0, NULL, NULL, '2019-10-29', '2019-10-29'),
(179, 291019005, 11, NULL, 1, 14, NULL, 0, NULL, NULL, NULL, NULL, 0, NULL, NULL, NULL, NULL, 0, NULL, NULL, '2019-10-29', '2019-10-29'),
(180, 291019005, 11, NULL, 1, 15, NULL, 0, NULL, NULL, NULL, NULL, 0, NULL, NULL, NULL, NULL, 0, NULL, NULL, '2019-10-29', '2019-10-29'),
(181, 291019008, 8, NULL, 1, 1, NULL, 0, 94, '2019-11-04', 1, NULL, 3, NULL, 'PLACED', NULL, NULL, 0, 'PENDING', NULL, '2019-10-29', '2019-11-04'),
(182, 291019008, 8, NULL, 1, 2, NULL, 0, 94, '2019-11-04', 1, NULL, 3, NULL, 'PLACED', NULL, NULL, 0, 'PENDING', NULL, '2019-10-29', '2019-11-04'),
(183, 291019008, 8, NULL, 1, 3, NULL, 0, NULL, NULL, NULL, NULL, 0, NULL, NULL, NULL, NULL, 0, NULL, NULL, '2019-10-29', '2019-10-29'),
(184, 291019008, 8, NULL, 1, 4, NULL, 0, NULL, NULL, NULL, NULL, 0, NULL, NULL, NULL, NULL, 0, NULL, NULL, '2019-10-29', '2019-10-29'),
(185, 291019008, 8, NULL, 1, 5, NULL, 0, NULL, NULL, NULL, NULL, 0, NULL, NULL, NULL, NULL, 0, NULL, NULL, '2019-10-29', '2019-10-29'),
(186, 291019008, 8, NULL, 1, 6, NULL, 0, NULL, NULL, NULL, NULL, 0, NULL, NULL, NULL, NULL, 0, NULL, NULL, '2019-10-29', '2019-10-29'),
(187, 291019009, 11, NULL, 1, 1, NULL, 0, NULL, NULL, NULL, NULL, 0, NULL, NULL, NULL, NULL, 0, NULL, NULL, '2019-10-29', '2019-10-29'),
(188, 291019009, 11, NULL, 1, 2, NULL, 0, NULL, NULL, NULL, NULL, 0, NULL, NULL, NULL, NULL, 0, NULL, NULL, '2019-10-29', '2019-10-29'),
(189, 291019009, 11, NULL, 1, 3, NULL, 0, NULL, NULL, NULL, NULL, 0, NULL, NULL, NULL, NULL, 0, NULL, NULL, '2019-10-29', '2019-10-29'),
(190, 291019009, 11, NULL, 1, 4, NULL, 0, NULL, NULL, NULL, NULL, 0, NULL, NULL, NULL, NULL, 0, NULL, NULL, '2019-10-29', '2019-10-29'),
(191, 291019009, 11, NULL, 1, 5, NULL, 0, NULL, NULL, NULL, NULL, 0, NULL, NULL, NULL, NULL, 0, NULL, NULL, '2019-10-29', '2019-10-29'),
(192, 291019009, 11, NULL, 1, 6, NULL, 0, NULL, NULL, NULL, NULL, 0, NULL, NULL, NULL, NULL, 0, NULL, NULL, '2019-10-29', '2019-10-29'),
(193, 291019009, 11, NULL, 1, 7, NULL, 0, NULL, NULL, NULL, NULL, 0, NULL, NULL, NULL, NULL, 0, NULL, NULL, '2019-10-29', '2019-10-29'),
(194, 291019009, 11, NULL, 1, 8, NULL, 0, NULL, NULL, NULL, NULL, 0, NULL, NULL, NULL, NULL, 0, NULL, NULL, '2019-10-29', '2019-10-29'),
(195, 291019009, 11, NULL, 1, 9, NULL, 0, NULL, NULL, NULL, NULL, 0, NULL, NULL, NULL, NULL, 0, NULL, NULL, '2019-10-29', '2019-10-29'),
(196, 291019009, 11, NULL, 1, 10, NULL, 0, NULL, NULL, NULL, NULL, 0, NULL, NULL, NULL, NULL, 0, NULL, NULL, '2019-10-29', '2019-10-29'),
(197, 291019009, 11, NULL, 1, 11, NULL, 0, NULL, NULL, NULL, NULL, 0, NULL, NULL, NULL, NULL, 0, NULL, NULL, '2019-10-29', '2019-10-29'),
(198, 291019009, 11, NULL, 1, 12, NULL, 0, NULL, NULL, NULL, NULL, 0, NULL, NULL, NULL, NULL, 0, NULL, NULL, '2019-10-29', '2019-10-29'),
(199, 291019009, 11, NULL, 1, 13, NULL, 0, NULL, NULL, NULL, NULL, 0, NULL, NULL, NULL, NULL, 0, NULL, NULL, '2019-10-29', '2019-10-29'),
(200, 291019009, 11, NULL, 1, 14, NULL, 0, NULL, NULL, NULL, NULL, 0, NULL, NULL, NULL, NULL, 0, NULL, NULL, '2019-10-29', '2019-10-29'),
(201, 291019009, 11, NULL, 1, 15, NULL, 0, NULL, NULL, NULL, NULL, 0, NULL, NULL, NULL, NULL, 0, NULL, NULL, '2019-10-29', '2019-10-29'),
(202, 301019002, 11, NULL, 1, 1, NULL, 0, NULL, NULL, NULL, NULL, 0, NULL, NULL, NULL, NULL, 0, NULL, NULL, '2019-10-30', '2019-10-30'),
(203, 301019002, 11, NULL, 1, 2, NULL, 0, NULL, NULL, NULL, NULL, 0, NULL, NULL, NULL, NULL, 0, NULL, NULL, '2019-10-30', '2019-10-30'),
(204, 301019002, 11, NULL, 1, 3, NULL, 0, NULL, NULL, NULL, NULL, 0, NULL, NULL, NULL, NULL, 0, NULL, NULL, '2019-10-30', '2019-10-30'),
(205, 301019002, 11, NULL, 1, 4, NULL, 0, NULL, NULL, NULL, NULL, 0, NULL, NULL, NULL, NULL, 0, NULL, NULL, '2019-10-30', '2019-10-30'),
(206, 301019002, 11, NULL, 1, 5, NULL, 0, NULL, NULL, NULL, NULL, 0, NULL, NULL, NULL, NULL, 0, NULL, NULL, '2019-10-30', '2019-10-30'),
(207, 301019002, 11, NULL, 1, 6, NULL, 0, NULL, NULL, NULL, NULL, 0, NULL, NULL, NULL, NULL, 0, NULL, NULL, '2019-10-30', '2019-10-30'),
(208, 301019002, 11, NULL, 1, 7, NULL, 0, NULL, NULL, NULL, NULL, 0, NULL, NULL, NULL, NULL, 0, NULL, NULL, '2019-10-30', '2019-10-30'),
(209, 301019002, 11, NULL, 1, 8, NULL, 0, NULL, NULL, NULL, NULL, 0, NULL, NULL, NULL, NULL, 0, NULL, NULL, '2019-10-30', '2019-10-30'),
(210, 301019002, 11, NULL, 1, 9, NULL, 0, NULL, NULL, NULL, NULL, 0, NULL, NULL, NULL, NULL, 0, NULL, NULL, '2019-10-30', '2019-10-30'),
(211, 301019002, 11, NULL, 1, 10, NULL, 0, NULL, NULL, NULL, NULL, 0, NULL, NULL, NULL, NULL, 0, NULL, NULL, '2019-10-30', '2019-10-30'),
(212, 301019002, 11, NULL, 1, 11, NULL, 0, NULL, NULL, NULL, NULL, 0, NULL, NULL, NULL, NULL, 0, NULL, NULL, '2019-10-30', '2019-10-30'),
(213, 301019002, 11, NULL, 1, 12, NULL, 0, NULL, NULL, NULL, NULL, 0, NULL, NULL, NULL, NULL, 0, NULL, NULL, '2019-10-30', '2019-10-30'),
(214, 301019002, 11, NULL, 1, 13, NULL, 0, NULL, NULL, NULL, NULL, 0, NULL, NULL, NULL, NULL, 0, NULL, NULL, '2019-10-30', '2019-10-30'),
(215, 301019002, 11, NULL, 1, 14, NULL, 0, NULL, NULL, NULL, NULL, 0, NULL, NULL, NULL, NULL, 0, NULL, NULL, '2019-10-30', '2019-10-30'),
(216, 301019002, 11, NULL, 1, 15, NULL, 0, NULL, NULL, NULL, NULL, 0, NULL, NULL, NULL, NULL, 0, NULL, NULL, '2019-10-30', '2019-10-30'),
(217, 301019003, 11, NULL, 1, 1, NULL, 0, 135, '2019-11-04', 1, NULL, 3, NULL, 'PLACED', NULL, NULL, 0, 'PENDING', NULL, '2019-10-30', '2019-11-04'),
(218, 301019003, 11, NULL, 1, 2, NULL, 0, NULL, NULL, NULL, NULL, 0, NULL, NULL, NULL, NULL, 0, NULL, NULL, '2019-10-30', '2019-10-30'),
(219, 301019003, 11, NULL, 1, 3, NULL, 0, NULL, NULL, NULL, NULL, 0, NULL, NULL, NULL, NULL, 0, NULL, NULL, '2019-10-30', '2019-10-30'),
(220, 301019003, 11, NULL, 1, 4, NULL, 0, NULL, NULL, NULL, NULL, 0, NULL, NULL, NULL, NULL, 0, NULL, NULL, '2019-10-30', '2019-10-30'),
(221, 301019003, 11, NULL, 1, 5, NULL, 0, NULL, NULL, NULL, NULL, 0, NULL, NULL, NULL, NULL, 0, NULL, NULL, '2019-10-30', '2019-10-30'),
(222, 301019003, 11, NULL, 1, 6, NULL, 0, NULL, NULL, NULL, NULL, 0, NULL, NULL, NULL, NULL, 0, NULL, NULL, '2019-10-30', '2019-10-30'),
(223, 301019003, 11, NULL, 1, 7, NULL, 0, NULL, NULL, NULL, NULL, 0, NULL, NULL, NULL, NULL, 0, NULL, NULL, '2019-10-30', '2019-10-30'),
(224, 301019003, 11, NULL, 1, 8, NULL, 0, NULL, NULL, NULL, NULL, 0, NULL, NULL, NULL, NULL, 0, NULL, NULL, '2019-10-30', '2019-10-30'),
(225, 301019003, 11, NULL, 1, 9, NULL, 0, NULL, NULL, NULL, NULL, 0, NULL, NULL, NULL, NULL, 0, NULL, NULL, '2019-10-30', '2019-10-30'),
(226, 301019003, 11, NULL, 1, 10, NULL, 0, NULL, NULL, NULL, NULL, 0, NULL, NULL, NULL, NULL, 0, NULL, NULL, '2019-10-30', '2019-10-30'),
(227, 301019003, 11, NULL, 1, 11, NULL, 0, NULL, NULL, NULL, NULL, 0, NULL, NULL, NULL, NULL, 0, NULL, NULL, '2019-10-30', '2019-10-30'),
(228, 301019003, 11, NULL, 1, 12, NULL, 0, NULL, NULL, NULL, NULL, 0, NULL, NULL, NULL, NULL, 0, NULL, NULL, '2019-10-30', '2019-10-30'),
(229, 301019003, 11, NULL, 1, 13, NULL, 0, NULL, NULL, NULL, NULL, 0, NULL, NULL, NULL, NULL, 0, NULL, NULL, '2019-10-30', '2019-10-30'),
(230, 301019003, 11, NULL, 1, 14, NULL, 0, NULL, NULL, NULL, NULL, 0, NULL, NULL, NULL, NULL, 0, NULL, NULL, '2019-10-30', '2019-10-30'),
(231, 301019003, 11, NULL, 1, 15, NULL, 0, NULL, NULL, NULL, NULL, 0, NULL, NULL, NULL, NULL, 0, NULL, NULL, '2019-10-30', '2019-10-30'),
(232, 301019003, 11, NULL, 1, 16, NULL, 0, NULL, NULL, NULL, NULL, 0, NULL, NULL, NULL, NULL, 0, NULL, NULL, '2019-10-30', '2019-10-30'),
(233, 301019003, 11, NULL, 1, 17, NULL, 0, NULL, NULL, NULL, NULL, 0, NULL, NULL, NULL, NULL, 0, NULL, NULL, '2019-10-30', '2019-10-30'),
(234, 301019003, 11, NULL, 1, 18, NULL, 0, NULL, NULL, NULL, NULL, 0, NULL, NULL, NULL, NULL, 0, NULL, NULL, '2019-10-30', '2019-10-30'),
(235, 311019001, 8, NULL, 1, 1, NULL, 0, 94, '2019-11-04', 1, NULL, 3, NULL, 'PLACED', NULL, NULL, 0, 'PENDING', NULL, '2019-10-31', '2019-11-04'),
(236, 311019001, 8, NULL, 1, 2, NULL, 0, 94, '2019-11-04', 1, NULL, 3, NULL, 'PLACED', NULL, NULL, 0, 'PENDING', NULL, '2019-10-31', '2019-11-04'),
(237, 311019001, 8, NULL, 1, 3, NULL, 0, NULL, NULL, NULL, NULL, 0, NULL, NULL, NULL, NULL, 0, NULL, NULL, '2019-10-31', '2019-10-31'),
(301, 11119010, 11, NULL, 1, 1, NULL, 0, NULL, NULL, NULL, NULL, 0, NULL, NULL, NULL, NULL, 0, NULL, NULL, '2019-11-01', '2019-11-01'),
(302, 11119010, 11, NULL, 1, 2, NULL, 0, NULL, NULL, NULL, NULL, 0, NULL, NULL, NULL, NULL, 0, NULL, NULL, '2019-11-01', '2019-11-01'),
(303, 11119010, 11, NULL, 1, 3, NULL, 0, NULL, NULL, NULL, NULL, 0, NULL, NULL, NULL, NULL, 0, NULL, NULL, '2019-11-01', '2019-11-01'),
(304, 11119010, 11, NULL, 1, 4, NULL, 0, NULL, NULL, NULL, NULL, 0, NULL, NULL, NULL, NULL, 0, NULL, NULL, '2019-11-01', '2019-11-01'),
(305, 11119010, 11, NULL, 1, 5, NULL, 0, NULL, NULL, NULL, NULL, 0, NULL, NULL, NULL, NULL, 0, NULL, NULL, '2019-11-01', '2019-11-01'),
(306, 11119010, 11, NULL, 1, 6, NULL, 0, NULL, NULL, NULL, NULL, 0, NULL, NULL, NULL, NULL, 0, NULL, NULL, '2019-11-01', '2019-11-01'),
(307, 11119010, 11, NULL, 1, 7, NULL, 0, NULL, NULL, NULL, NULL, 0, NULL, NULL, NULL, NULL, 0, NULL, NULL, '2019-11-01', '2019-11-01'),
(308, 11119010, 11, NULL, 1, 8, NULL, 0, NULL, NULL, NULL, NULL, 0, NULL, NULL, NULL, NULL, 0, NULL, NULL, '2019-11-01', '2019-11-01'),
(309, 11119010, 11, NULL, 1, 9, NULL, 0, NULL, NULL, NULL, NULL, 0, NULL, NULL, NULL, NULL, 0, NULL, NULL, '2019-11-01', '2019-11-01'),
(310, 11119010, 11, NULL, 1, 10, NULL, 0, NULL, NULL, NULL, NULL, 0, NULL, NULL, NULL, NULL, 0, NULL, NULL, '2019-11-01', '2019-11-01'),
(311, 11119010, 11, NULL, 1, 11, NULL, 0, NULL, NULL, NULL, NULL, 0, NULL, NULL, NULL, NULL, 0, NULL, NULL, '2019-11-01', '2019-11-01'),
(312, 11119010, 11, NULL, 1, 12, NULL, 0, NULL, NULL, NULL, NULL, 0, NULL, NULL, NULL, NULL, 0, NULL, NULL, '2019-11-01', '2019-11-01'),
(313, 11119010, 11, NULL, 1, 13, NULL, 0, NULL, NULL, NULL, NULL, 0, NULL, NULL, NULL, NULL, 0, NULL, NULL, '2019-11-01', '2019-11-01'),
(314, 11119010, 11, NULL, 1, 14, NULL, 0, NULL, NULL, NULL, NULL, 0, NULL, NULL, NULL, NULL, 0, NULL, NULL, '2019-11-01', '2019-11-01'),
(315, 11119010, 11, NULL, 1, 15, NULL, 0, NULL, NULL, NULL, NULL, 0, NULL, NULL, NULL, NULL, 0, NULL, NULL, '2019-11-01', '2019-11-01'),
(316, 11119011, 8, NULL, 2, 1, NULL, 0, NULL, NULL, NULL, NULL, 0, NULL, NULL, NULL, NULL, 0, NULL, NULL, '2019-11-01', '2019-11-01'),
(317, 11119011, 8, NULL, 2, 2, NULL, 0, NULL, NULL, NULL, NULL, 0, NULL, NULL, NULL, NULL, 0, NULL, NULL, '2019-11-01', '2019-11-01'),
(318, 11119011, 8, NULL, 2, 3, NULL, 0, NULL, NULL, NULL, NULL, 0, NULL, NULL, NULL, NULL, 0, NULL, NULL, '2019-11-01', '2019-11-01'),
(319, 11119012, 11, NULL, 1, 1, NULL, 0, NULL, NULL, NULL, NULL, 0, NULL, NULL, NULL, NULL, 0, NULL, NULL, '2019-11-01', '2019-11-01'),
(320, 11119012, 11, NULL, 1, 2, NULL, 0, NULL, NULL, NULL, NULL, 0, NULL, NULL, NULL, NULL, 0, NULL, NULL, '2019-11-01', '2019-11-01'),
(321, 11119012, 11, NULL, 1, 3, NULL, 0, NULL, NULL, NULL, NULL, 0, NULL, NULL, NULL, NULL, 0, NULL, NULL, '2019-11-01', '2019-11-01'),
(322, 11119012, 11, NULL, 1, 4, NULL, 0, NULL, NULL, NULL, NULL, 0, NULL, NULL, NULL, NULL, 0, NULL, NULL, '2019-11-01', '2019-11-01'),
(323, 11119012, 11, NULL, 1, 5, NULL, 0, NULL, NULL, NULL, NULL, 0, NULL, NULL, NULL, NULL, 0, NULL, NULL, '2019-11-01', '2019-11-01'),
(324, 11119012, 11, NULL, 1, 6, NULL, 0, NULL, NULL, NULL, NULL, 0, NULL, NULL, NULL, NULL, 0, NULL, NULL, '2019-11-01', '2019-11-01'),
(325, 11119012, 11, NULL, 1, 7, NULL, 0, NULL, NULL, NULL, NULL, 0, NULL, NULL, NULL, NULL, 0, NULL, NULL, '2019-11-01', '2019-11-01'),
(326, 11119012, 11, NULL, 1, 8, NULL, 0, NULL, NULL, NULL, NULL, 0, NULL, NULL, NULL, NULL, 0, NULL, NULL, '2019-11-01', '2019-11-01'),
(327, 11119012, 11, NULL, 1, 9, NULL, 0, NULL, NULL, NULL, NULL, 0, NULL, NULL, NULL, NULL, 0, NULL, NULL, '2019-11-01', '2019-11-01'),
(328, 11119012, 11, NULL, 1, 10, NULL, 0, NULL, NULL, NULL, NULL, 0, NULL, NULL, NULL, NULL, 0, NULL, NULL, '2019-11-01', '2019-11-01'),
(329, 11119012, 11, NULL, 1, 11, NULL, 0, NULL, NULL, NULL, NULL, 0, NULL, NULL, NULL, NULL, 0, NULL, NULL, '2019-11-01', '2019-11-01'),
(330, 11119012, 11, NULL, 1, 12, NULL, 0, NULL, NULL, NULL, NULL, 0, NULL, NULL, NULL, NULL, 0, NULL, NULL, '2019-11-01', '2019-11-01'),
(331, 11119012, 11, NULL, 1, 13, NULL, 0, NULL, NULL, NULL, NULL, 0, NULL, NULL, NULL, NULL, 0, NULL, NULL, '2019-11-01', '2019-11-01'),
(332, 11119012, 11, NULL, 1, 14, NULL, 0, NULL, NULL, NULL, NULL, 0, NULL, NULL, NULL, NULL, 0, NULL, NULL, '2019-11-01', '2019-11-01'),
(333, 11119012, 11, NULL, 1, 15, NULL, 0, NULL, NULL, NULL, NULL, 0, NULL, NULL, NULL, NULL, 0, NULL, NULL, '2019-11-01', '2019-11-01'),
(334, 11119013, 10, NULL, 1, 1, NULL, 0, NULL, NULL, NULL, NULL, 0, NULL, NULL, NULL, NULL, 0, NULL, NULL, '2019-11-01', '2019-11-01'),
(335, 11119013, 10, NULL, 1, 2, NULL, 0, NULL, NULL, NULL, NULL, 0, NULL, NULL, NULL, NULL, 0, NULL, NULL, '2019-11-01', '2019-11-01'),
(336, 11119013, 10, NULL, 1, 3, NULL, 0, NULL, NULL, NULL, NULL, 0, NULL, NULL, NULL, NULL, 0, NULL, NULL, '2019-11-01', '2019-11-01'),
(337, 11119015, 8, NULL, 1, 1, NULL, 0, NULL, NULL, NULL, NULL, 0, NULL, NULL, NULL, NULL, 0, NULL, NULL, '2019-11-01', '2019-11-01'),
(338, 11119015, 8, NULL, 1, 2, NULL, 0, NULL, NULL, NULL, NULL, 0, NULL, NULL, NULL, NULL, 0, NULL, NULL, '2019-11-01', '2019-11-01'),
(339, 11119015, 8, NULL, 1, 3, NULL, 0, NULL, NULL, NULL, NULL, 0, NULL, NULL, NULL, NULL, 0, NULL, NULL, '2019-11-01', '2019-11-01'),
(340, 11119015, 8, NULL, 1, 4, NULL, 0, NULL, NULL, NULL, NULL, 0, NULL, NULL, NULL, NULL, 0, NULL, NULL, '2019-11-01', '2019-11-01'),
(341, 11119015, 8, NULL, 1, 5, NULL, 0, NULL, NULL, NULL, NULL, 0, NULL, NULL, NULL, NULL, 0, NULL, NULL, '2019-11-01', '2019-11-01'),
(342, 11119015, 8, NULL, 1, 6, NULL, 0, NULL, NULL, NULL, NULL, 0, NULL, NULL, NULL, NULL, 0, NULL, NULL, '2019-11-01', '2019-11-01'),
(343, 11119015, 8, NULL, 1, 7, NULL, 0, NULL, NULL, NULL, NULL, 0, NULL, NULL, NULL, NULL, 0, NULL, NULL, '2019-11-01', '2019-11-01'),
(344, 11119015, 8, NULL, 1, 8, NULL, 0, NULL, NULL, NULL, NULL, 0, NULL, NULL, NULL, NULL, 0, NULL, NULL, '2019-11-01', '2019-11-01'),
(345, 11119015, 8, NULL, 1, 9, NULL, 0, NULL, NULL, NULL, NULL, 0, NULL, NULL, NULL, NULL, 0, NULL, NULL, '2019-11-01', '2019-11-01'),
(346, 11119016, 9, NULL, 1, 1, NULL, 0, NULL, NULL, NULL, NULL, 0, NULL, NULL, NULL, NULL, 0, NULL, NULL, '2019-11-01', '2019-11-01'),
(347, 11119016, 9, NULL, 1, 2, NULL, 0, NULL, NULL, NULL, NULL, 0, NULL, NULL, NULL, NULL, 0, NULL, NULL, '2019-11-01', '2019-11-01'),
(348, 11119016, 9, NULL, 1, 3, NULL, 0, NULL, NULL, NULL, NULL, 0, NULL, NULL, NULL, NULL, 0, NULL, NULL, '2019-11-01', '2019-11-01'),
(349, 11119017, 11, NULL, 1, 1, NULL, 0, NULL, NULL, NULL, NULL, 0, NULL, NULL, NULL, NULL, 0, NULL, NULL, '2019-11-01', '2019-11-01'),
(350, 11119017, 11, NULL, 1, 2, NULL, 0, NULL, NULL, NULL, NULL, 0, NULL, NULL, NULL, NULL, 0, NULL, NULL, '2019-11-01', '2019-11-01'),
(351, 11119017, 11, NULL, 1, 3, NULL, 0, NULL, NULL, NULL, NULL, 0, NULL, NULL, NULL, NULL, 0, NULL, NULL, '2019-11-01', '2019-11-01'),
(352, 11119017, 11, NULL, 1, 4, NULL, 0, NULL, NULL, NULL, NULL, 0, NULL, NULL, NULL, NULL, 0, NULL, NULL, '2019-11-01', '2019-11-01'),
(353, 11119017, 11, NULL, 1, 5, NULL, 0, NULL, NULL, NULL, NULL, 0, NULL, NULL, NULL, NULL, 0, NULL, NULL, '2019-11-01', '2019-11-01'),
(354, 11119017, 11, NULL, 1, 6, NULL, 0, NULL, NULL, NULL, NULL, 0, NULL, NULL, NULL, NULL, 0, NULL, NULL, '2019-11-01', '2019-11-01'),
(355, 11119017, 11, NULL, 1, 7, NULL, 0, NULL, NULL, NULL, NULL, 0, NULL, NULL, NULL, NULL, 0, NULL, NULL, '2019-11-01', '2019-11-01'),
(356, 11119017, 11, NULL, 1, 8, NULL, 0, NULL, NULL, NULL, NULL, 0, NULL, NULL, NULL, NULL, 0, NULL, NULL, '2019-11-01', '2019-11-01'),
(357, 11119017, 11, NULL, 1, 9, NULL, 0, NULL, NULL, NULL, NULL, 0, NULL, NULL, NULL, NULL, 0, NULL, NULL, '2019-11-01', '2019-11-01'),
(358, 11119017, 11, NULL, 1, 10, NULL, 0, NULL, NULL, NULL, NULL, 0, NULL, NULL, NULL, NULL, 0, NULL, NULL, '2019-11-01', '2019-11-01'),
(359, 11119017, 11, NULL, 1, 11, NULL, 0, NULL, NULL, NULL, NULL, 0, NULL, NULL, NULL, NULL, 0, NULL, NULL, '2019-11-01', '2019-11-01'),
(360, 11119017, 11, NULL, 1, 12, NULL, 0, NULL, NULL, NULL, NULL, 0, NULL, NULL, NULL, NULL, 0, NULL, NULL, '2019-11-01', '2019-11-01'),
(361, 11119017, 11, NULL, 1, 13, NULL, 0, NULL, NULL, NULL, NULL, 0, NULL, NULL, NULL, NULL, 0, NULL, NULL, '2019-11-01', '2019-11-01'),
(362, 11119017, 11, NULL, 1, 14, NULL, 0, NULL, NULL, NULL, NULL, 0, NULL, NULL, NULL, NULL, 0, NULL, NULL, '2019-11-01', '2019-11-01'),
(363, 11119017, 11, NULL, 1, 15, NULL, 0, NULL, NULL, NULL, NULL, 0, NULL, NULL, NULL, NULL, 0, NULL, NULL, '2019-11-01', '2019-11-01'),
(364, 21119001, 8, NULL, 1, 1, NULL, 0, NULL, NULL, NULL, NULL, 0, NULL, NULL, NULL, NULL, 0, NULL, NULL, '2019-11-02', '2019-11-02'),
(365, 21119001, 8, NULL, 1, 2, NULL, 0, NULL, NULL, NULL, NULL, 0, NULL, NULL, NULL, NULL, 0, NULL, NULL, '2019-11-02', '2019-11-02'),
(366, 21119001, 8, NULL, 1, 3, NULL, 0, NULL, NULL, NULL, NULL, 0, NULL, NULL, NULL, NULL, 0, NULL, NULL, '2019-11-02', '2019-11-02'),
(367, 191104004, 10, NULL, 1, 1, NULL, 0, NULL, NULL, NULL, NULL, 0, NULL, NULL, NULL, NULL, 0, NULL, NULL, '2019-11-04', '2019-11-04'),
(368, 191104004, 10, NULL, 1, 2, NULL, 0, NULL, NULL, NULL, NULL, 0, NULL, NULL, NULL, NULL, 0, NULL, NULL, '2019-11-04', '2019-11-04'),
(369, 191104004, 10, NULL, 1, 3, NULL, 0, NULL, NULL, NULL, NULL, 0, NULL, NULL, NULL, NULL, 0, NULL, NULL, '2019-11-04', '2019-11-04');

-- --------------------------------------------------------

--
-- Table structure for table `cart`
--

CREATE TABLE `cart` (
  `id` int(11) NOT NULL,
  `home_category_id` int(10) DEFAULT NULL,
  `user_id` int(11) NOT NULL,
  `estimate` int(10) NOT NULL DEFAULT '0',
  `user_address_id` int(10) DEFAULT NULL,
  `date` varchar(50) DEFAULT NULL,
  `slot_id` int(10) DEFAULT NULL
) ENGINE=InnoDB DEFAULT CHARSET=latin1;

--
-- Dumping data for table `cart`
--

INSERT INTO `cart` (`id`, `home_category_id`, `user_id`, `estimate`, `user_address_id`, `date`, `slot_id`) VALUES
(53, 1, 63, 2590, NULL, NULL, NULL),
(58, 1, 73, 2550, 74, NULL, NULL),
(66, 1, 77, 3040930, 98, NULL, NULL),
(76, 1, 98, 850, NULL, NULL, NULL),
(84, 1, 108, 33710, NULL, NULL, NULL),
(87, 1, 126, 2590, NULL, NULL, NULL),
(443, 1, 131, 61980, NULL, NULL, NULL),
(452, 2, 24, 3999, NULL, NULL, NULL);

-- --------------------------------------------------------

--
-- Table structure for table `cart_item`
--

CREATE TABLE `cart_item` (
  `id` int(10) NOT NULL,
  `cart_id` int(10) DEFAULT NULL,
  `product_id` int(10) DEFAULT NULL,
  `main_category_id` int(10) DEFAULT NULL,
  `count` int(10) NOT NULL DEFAULT '0',
  `price` int(10) NOT NULL DEFAULT '0',
  `visits` int(10) DEFAULT NULL,
  `main_category_id_chosen` int(10) DEFAULT NULL
) ENGINE=InnoDB DEFAULT CHARSET=latin1;

--
-- Dumping data for table `cart_item`
--

INSERT INTO `cart_item` (`id`, `cart_id`, `product_id`, `main_category_id`, `count`, `price`, `visits`, `main_category_id_chosen`) VALUES
(49, 53, 1, NULL, 2, 1700, NULL, NULL),
(50, 53, 2, NULL, 1, 890, NULL, NULL),
(55, 58, 1, NULL, 3, 2550, NULL, NULL),
(63, 66, 4, NULL, 485, 412250, NULL, NULL),
(76, 66, 1, NULL, 636, 540600, NULL, NULL),
(77, 66, 2, NULL, 638, 567820, NULL, NULL),
(78, 66, 3, NULL, 641, 570490, NULL, NULL),
(79, 66, 5, NULL, 474, 421860, NULL, NULL),
(80, 66, 6, NULL, 479, 426310, NULL, NULL),
(81, 66, 7, NULL, 41, 34850, NULL, NULL),
(82, 66, 8, NULL, 42, 37380, NULL, NULL),
(83, 66, 9, NULL, 33, 29370, NULL, NULL),
(89, 76, 1, NULL, 1, 850, NULL, NULL),
(111, 84, 1, NULL, 25, 21250, NULL, NULL),
(112, 84, 2, NULL, 9, 8010, NULL, NULL),
(113, 84, 3, NULL, 5, 4450, NULL, NULL),
(117, 87, 1, NULL, 2, 1700, NULL, NULL),
(118, 87, 3, NULL, 1, 890, NULL, NULL),
(531, 443, 5, NULL, 35, 31150, NULL, NULL),
(532, 443, 9, NULL, 19, 16910, NULL, NULL),
(534, 443, 1, NULL, 6, 5100, NULL, NULL),
(543, 443, 2, NULL, 5, 4450, NULL, NULL),
(546, 452, NULL, 11, 1, 3999, 18, NULL),
(553, 443, 4, NULL, 2, 1700, NULL, NULL),
(554, 443, 8, NULL, 3, 2670, NULL, NULL);

-- --------------------------------------------------------

--
-- Table structure for table `coupon`
--

CREATE TABLE `coupon` (
  `id` int(11) NOT NULL,
  `code` varchar(100) DEFAULT NULL,
  `amount` int(20) NOT NULL DEFAULT '0',
  `description` varchar(5000) DEFAULT NULL,
  `expiry` varchar(100) DEFAULT NULL,
  `updated` varchar(100) DEFAULT NULL,
  `created` varchar(100) DEFAULT NULL
) ENGINE=InnoDB DEFAULT CHARSET=latin1;

--
-- Dumping data for table `coupon`
--

INSERT INTO `coupon` (`id`, `code`, `amount`, `description`, `expiry`, `updated`, `created`) VALUES
(1, 'FIRST', 50, 'Get Rs. 50 off with coupon code \"FIRST\"', '2020-12-31', '2019-11-04', '2019-11-04'),
(2, 'SECOND', 40, 'Get Rs. 40 off  with coupon code \"SECOND\"', '2020-12-31', '2019-11-04', '2019-11-04'),
(3, 'THIRD', 30, 'Get Rs. 30 off with coupon code \"THIRD\"', '2020-12-31', '2019-11-04', '2019-11-04');

-- --------------------------------------------------------

--
-- Table structure for table `declaration`
--

CREATE TABLE `declaration` (
  `id` int(5) NOT NULL,
  `term1` varchar(2000) DEFAULT NULL,
  `term2` varchar(2000) DEFAULT NULL,
  `term3` varchar(2000) DEFAULT NULL
) ENGINE=InnoDB DEFAULT CHARSET=latin1;

--
-- Dumping data for table `declaration`
--

INSERT INTO `declaration` (`id`, `term1`, `term2`, `term3`) VALUES
(1, 'I hereby deaclare, condition 1, in its sole discretion, to change, modify or amend in terms of use, or any other documents incorporated by the service.', 'I hereby deaclare, condition 2, in its sole discretion, to change, modify or amend in terms of use, or any other documents incorporated by the service.', 'I hereby deaclare, condition 3, in its sole discretion, to change, modify or amend in terms of use, or any other documents incorporated by the service.');

-- --------------------------------------------------------

--
-- Table structure for table `employee`
--

CREATE TABLE `employee` (
  `id` int(11) NOT NULL,
  `fcm_id` varchar(1000) DEFAULT NULL,
  `account_status` enum('ACTIVE','INACTIVE','BLOCKED') NOT NULL DEFAULT 'ACTIVE',
  `name` varchar(255) DEFAULT NULL,
  `email` varchar(255) DEFAULT NULL,
  `country_code` varchar(10) DEFAULT NULL,
  `cell` varchar(20) DEFAULT NULL,
  `dob` varchar(100) DEFAULT NULL,
  `gender` varchar(20) DEFAULT NULL,
  `res_addr` varchar(1000) DEFAULT NULL,
  `password` varchar(20) DEFAULT NULL,
  `joined` timestamp NOT NULL DEFAULT CURRENT_TIMESTAMP,
  `is_register_complete` int(10) DEFAULT NULL,
  `proof1_front` varchar(2083) DEFAULT NULL,
  `proof1_back` varchar(2083) DEFAULT NULL,
  `proof2_front` varchar(2083) DEFAULT NULL,
  `proof2_back` varchar(2083) DEFAULT NULL,
  `current_addr` varchar(2083) DEFAULT NULL,
  `zone_id` int(10) DEFAULT NULL,
  `main_category_services` varchar(100) DEFAULT NULL,
  `sub_category_services` varchar(100) DEFAULT NULL,
  `approval` enum('YES','NO') DEFAULT 'NO'
) ENGINE=InnoDB DEFAULT CHARSET=latin1;

--
-- Dumping data for table `employee`
--

INSERT INTO `employee` (`id`, `fcm_id`, `account_status`, `name`, `email`, `country_code`, `cell`, `dob`, `gender`, `res_addr`, `password`, `joined`, `is_register_complete`, `proof1_front`, `proof1_back`, `proof2_front`, `proof2_back`, `current_addr`, `zone_id`, `main_category_services`, `sub_category_services`, `approval`) VALUES
(1, NULL, 'ACTIVE', 'VIJAY KUMAR', '7vijay@gmail.com', '91', '9600123457', '1991-02-12', 'MALE', 'No: 12 3rd cross 5th main road Medavakkam Madurai 600100', '', '2019-10-09 01:03:00', 5, 'https://innowity.com/mrmaintanance/api/images/img_14102019_095938PM_proof1_front.jpg', 'https://innowity.com/mrmaintanance/api/images/img_14102019_095938PM_proof1_back.jpg', 'https://innowity.com/mrmaintanance/api/images/img_14102019_095938PM_proof2_front.jpg', 'https://innowity.com/mrmaintanance/api/images/img_14102019_095938PM_proof2_back.jpg', 'No: 12 3rd cross 5th main road Medavakkam Chennai 600100 Tamilnadu', 2, '1', '1,2,3,4,17', 'YES'),
(19, NULL, 'ACTIVE', 'VIJAY KUMAR', 'vijay@gmail.com', '91', '9600123456', '1991-02-12', 'MALE', 'No: 12 3rd cross 5th main road Medavakkam Madurai 600100', NULL, '2019-10-10 08:12:09', 6, 'https://innowity.com/mrmaintanance/api/images/img_14102019_060818PM_proof1_front.jpg', 'https://innowity.com/mrmaintanance/api/images/img_14102019_060818PM_proof1_back.jpg', 'https://innowity.com/mrmaintanance/api/images/img_14102019_060818PM_proof2_front.jpg', 'https://innowity.com/mrmaintanance/api/images/img_14102019_060818PM_proof2_back.jpg', 'No: 12 3rd cross 5th main road Medavakkam Chennai 600100 Tamilnadu', 2, '1', '1,2,3,4,17', 'YES'),
(20, NULL, 'ACTIVE', NULL, NULL, '91', '9600123452', NULL, NULL, NULL, NULL, '2019-10-10 10:47:10', 0, NULL, NULL, NULL, NULL, NULL, NULL, NULL, NULL, 'NO'),
(21, NULL, 'ACTIVE', 'HARISH', 'vijay@gmail.com', '91', '9600123457', '1991-02-12', 'MALE', 'No: 12 3rd cross 5th main road Medavakkam Madurai 600100', '', '2019-10-09 01:03:00', 6, 'https://innowity.com/mrmaintanance/api/images/img_10102019_123417PM_proof1_front.jpg', 'https://innowity.com/mrmaintanance/api/images/img_10102019_123417PM_proof1_back.jpg', 'https://innowity.com/mrmaintanance/api/images/img_10102019_123417PM_proof2_front.jpg', 'https://innowity.com/mrmaintanance/api/images/img_10102019_123417PM_proof2_back.jpg', 'No: 12 3rd cross 5th main road Medavakkam Chennai 600100 Tamilnadu', 3, '1,2', '1,2,3,4,17,5,6,7,8,18', 'YES'),
(22, NULL, 'ACTIVE', 'DHANANJAYAN', 'vijay@gmail.com', '91', '9600123458', '1991-02-12', 'MALE', 'No: 12 3rd cross 5th main road Medavakkam Madurai 600100', NULL, '2019-10-10 08:12:09', 6, 'https://innowity.com/mrmaintanance/api/images/img_10102019_014351PM_proof1_front.jpg', 'https://innowity.com/mrmaintanance/api/images/img_10102019_014351PM_proof1_back.jpg', 'https://innowity.com/mrmaintanance/api/images/img_10102019_014351PM_proof2_front.jpg', 'https://innowity.com/mrmaintanance/api/images/img_10102019_014351PM_proof2_back.jpg', 'No: 12 3rd cross 5th main road Medavakkam Chennai 600100 Tamilnadu', 4, '1,2', '1,2,3,4,17,5,6,7,8,18', 'YES'),
(23, NULL, 'ACTIVE', 'MS DHONI', 'vijay@gmail.com', '91', '9600123459', '1991-02-12', 'MALE', 'No: 12 3rd cross 5th main road Medavakkam Madurai 600100', NULL, '2019-10-10 08:12:09', 6, 'https://innowity.com/mrmaintanance/api/images/img_10102019_014351PM_proof1_front.jpg', 'https://innowity.com/mrmaintanance/api/images/img_10102019_014351PM_proof1_back.jpg', 'https://innowity.com/mrmaintanance/api/images/img_10102019_014351PM_proof2_front.jpg', 'https://innowity.com/mrmaintanance/api/images/img_10102019_014351PM_proof2_back.jpg', 'No: 12 3rd cross 5th main road Medavakkam Chennai 600100 Tamilnadu', 5, '1,2', '1,2,3,4,17,5,6,7,8,18', 'YES'),
(24, NULL, 'ACTIVE', NULL, NULL, '', '9940712168', NULL, NULL, NULL, NULL, '2019-10-12 06:19:06', 0, NULL, NULL, NULL, NULL, NULL, NULL, NULL, NULL, 'NO'),
(25, NULL, 'ACTIVE', NULL, NULL, '', '9940712162', NULL, NULL, NULL, NULL, '2019-10-12 10:44:29', 0, NULL, NULL, NULL, NULL, NULL, NULL, NULL, NULL, 'NO'),
(26, NULL, 'ACTIVE', 'VIJAY KUMAR', 'vijay@gmail.com', '91', '9600123451', '1991-02-12', 'MALE', 'No: 12 3rd cross 5th main road Medavakkam Madurai 600100', NULL, '2019-10-14 11:53:12', 1, NULL, NULL, NULL, NULL, NULL, NULL, NULL, NULL, 'NO'),
(27, NULL, 'ACTIVE', 'VIJAY KUMAR', 'vijay@gmail.com', '91', '9600123777', '1991-02-12', 'MALE', 'No: 12 3rd cross 5th main road Medavakkam Madurai 600100', NULL, '2019-10-14 12:06:02', 1, NULL, NULL, NULL, NULL, NULL, NULL, NULL, NULL, 'NO'),
(28, NULL, 'ACTIVE', 'gopi', 'gopppp', '91', '546446848844', '568648486', 'MALE', 'No: 12 3rd cross 5th main road Medavakkam Madurai ', NULL, '2019-10-15 06:10:42', 1, NULL, NULL, NULL, NULL, NULL, NULL, NULL, NULL, 'NO'),
(31, NULL, 'ACTIVE', 'gopi', 'mail@gmail.com', '91', '9999999999999', '2019-10-15', 'MALE', '12 chennai chennai 998999', NULL, '2019-10-15 07:50:06', 1, NULL, NULL, NULL, NULL, NULL, NULL, NULL, NULL, 'NO'),
(32, NULL, 'ACTIVE', 'gopi', 'mail@gmail.com', '91', '9999999999', '2019-10-15', 'MALE', '12 chennai chennai 998999', NULL, '2019-10-15 07:51:25', 2, 'https://innowity.com/mrmaintanance/api/images/img_15102019_014346PM_proof1_front.jpg', 'https://innowity.com/mrmaintanance/api/images/img_15102019_014346PM_proof1_back.jpg', 'https://innowity.com/mrmaintanance/api/images/img_15102019_014346PM_proof2_front.jpg', 'https://innowity.com/mrmaintanance/api/images/img_15102019_014346PM_proof2_back.jpg', NULL, NULL, NULL, NULL, 'NO'),
(33, NULL, 'ACTIVE', NULL, NULL, '', '9994999835', NULL, NULL, NULL, NULL, '2019-10-15 07:59:49', 0, NULL, NULL, NULL, NULL, NULL, NULL, NULL, NULL, 'NO'),
(34, '', 'ACTIVE', 'Gopi Gopi', 'gopincc95@gmail.com', '91', '8883168253', '2019-10-15', 'MALE', '12 hhh ch 745585', NULL, '2019-10-15 08:11:06', 6, 'https://innowity.com/mrmaintanance/api/images/img_15102019_014210PM_proof1_front.jpg', 'https://innowity.com/mrmaintanance/api/images/img_15102019_014210PM_proof1_back.jpg', 'https://innowity.com/mrmaintanance/api/images/img_15102019_014210PM_proof2_front.jpg', 'https://innowity.com/mrmaintanance/api/images/img_15102019_014210PM_proof2_back.jpg', '12 medavakam Chennai 858858 tamilnadu', 3, '1', '1,2,3,4,17', 'YES'),
(35, '', 'ACTIVE', NULL, NULL, '', '8883168253', NULL, NULL, NULL, NULL, '2019-10-15 10:05:42', 0, NULL, NULL, NULL, NULL, NULL, NULL, NULL, NULL, 'NO'),
(36, NULL, 'ACTIVE', 'Gopi Gopi', 'gopincc95@gmail.com', '91', '8888888888', '2019-10-15', 'MALE', '12 jjj vbbbbh 888884', NULL, '2019-10-15 13:06:48', 6, 'https://innowity.com/mrmaintanance/api/images/img_15102019_063842PM_proof1_front.jpg', 'https://innowity.com/mrmaintanance/api/images/img_15102019_063842PM_proof1_back.jpg', 'https://innowity.com/mrmaintanance/api/images/img_15102019_063842PM_proof2_front.jpg', 'https://innowity.com/mrmaintanance/api/images/img_15102019_063842PM_proof2_back.jpg', '12 medavakam Chennai 058258 TN', 2, '1', '1,2,3,4,17', 'YES'),
(40, 'abcd1234', 'ACTIVE', 'VIJAY KUMAR', 'vijay@gmail.com', '91', '9500095000', '1991-02-12', 'MALE', 'No: 12 3rd cross 5th main road Medavakkam Madurai 600100', NULL, '2019-10-16 06:19:06', 1, NULL, NULL, NULL, NULL, NULL, NULL, NULL, NULL, 'NO'),
(41, NULL, 'ACTIVE', 'gopii', 'fffffffffff', '91', '9525252525', '', 'MALE', 'No: 12 3rd cross 5th main road Medavakkam Madurai ', NULL, '2019-10-16 06:30:15', 1, NULL, NULL, NULL, NULL, NULL, NULL, NULL, NULL, 'NO'),
(42, NULL, 'ACTIVE', 'gopii', 'fffffffffff', '91', '7777774444', '', 'MALE', 'No: 12 3rd cross 5th main road Medavakkam Madurai ', NULL, '2019-10-16 06:57:34', 1, NULL, NULL, NULL, NULL, NULL, NULL, NULL, NULL, 'NO'),
(43, NULL, 'ACTIVE', 'Gopi Gopi', 'gopincc95@gmail.com', '91', '8888316825', '2019-10-16', 'MALE', '   ', NULL, '2019-10-16 07:13:30', 6, 'https://innowity.com/mrmaintanance/api/images/img_16102019_124444PM_proof1_front.jpg', 'https://innowity.com/mrmaintanance/api/images/img_16102019_124444PM_proof1_back.jpg', 'https://innowity.com/mrmaintanance/api/images/img_16102019_124444PM_proof2_front.jpg', 'https://innowity.com/mrmaintanance/api/images/img_16102019_124444PM_proof2_back.jpg', '21 medavakam Chennai 585858 Tn', 2, '1', '1,2,3,4,17', 'YES'),
(44, NULL, 'ACTIVE', 'Gopi Gopi', 'gopincc95@gmail.com', '91', '7888888888', '2019-10-16', 'MALE', '   ', NULL, '2019-10-16 08:49:04', 2, 'https://innowity.com/mrmaintanance/api/images/img_16102019_022205PM_proof1_front.jpg', 'https://innowity.com/mrmaintanance/api/images/img_16102019_022205PM_proof1_back.jpg', 'https://innowity.com/mrmaintanance/api/images/img_16102019_022205PM_proof2_front.jpg', 'https://innowity.com/mrmaintanance/api/images/img_16102019_022205PM_proof2_back.jpg', NULL, NULL, NULL, NULL, 'NO'),
(45, NULL, 'ACTIVE', 'Gopi Gopi', 'megala99pv@gmail.com', '91', '9558883168', '2019-10-16', 'MALE', '   ', NULL, '2019-10-16 08:53:52', 6, 'https://innowity.com/mrmaintanance/api/images/img_16102019_022505PM_proof1_front.jpg', 'https://innowity.com/mrmaintanance/api/images/img_16102019_022505PM_proof1_back.jpg', 'https://innowity.com/mrmaintanance/api/images/img_16102019_022505PM_proof2_front.jpg', 'https://innowity.com/mrmaintanance/api/images/img_16102019_022505PM_proof2_back.jpg', '12 medavakam Chennai 555555 TN', 3, '1', '1,2,3,4,17', 'YES'),
(46, '', 'ACTIVE', 'Gopinath', 'gopincc95@gmail.com', '91', '9123123123', '2019-10-16', 'MALE', '   ', NULL, '2019-10-16 10:15:10', 6, 'https://innowity.com/mrmaintanance/api/images/img_16102019_034700PM_proof1_front.jpg', 'https://innowity.com/mrmaintanance/api/images/img_16102019_034700PM_proof1_back.jpg', 'https://innowity.com/mrmaintanance/api/images/img_16102019_034700PM_proof2_front.jpg', 'https://innowity.com/mrmaintanance/api/images/img_16102019_034700PM_proof2_back.jpg', '12 medavakkam chennai 566656 Tn', 2, '1', '1,2,3,4,17', 'YES'),
(47, NULL, 'ACTIVE', 'hyyhyg', 'mail@gmail.com', '91', '8882228288', '2019-10-16', 'MALE', '   ', NULL, '2019-10-16 10:35:51', 1, NULL, NULL, NULL, NULL, NULL, NULL, NULL, NULL, 'NO'),
(48, NULL, 'ACTIVE', 'gopinath', 'gopincc95@gmail.com', '91', '8883168254', '2019-10-16', 'MALE', '   ', NULL, '2019-10-16 13:56:00', 5, 'https://innowity.com/mrmaintanance/api/images/img_16102019_072634PM_proof1_front.jpg', 'https://innowity.com/mrmaintanance/api/images/img_16102019_072634PM_proof1_back.jpg', 'https://innowity.com/mrmaintanance/api/images/img_16102019_072634PM_proof2_front.jpg', 'https://innowity.com/mrmaintanance/api/images/img_16102019_072634PM_proof2_back.jpg', '12 medavakam Chennai 575698 Tamil Nadu', 3, '1,2', '1,2,3,4,17,5,6,7,8,18', 'NO'),
(49, NULL, 'ACTIVE', 'Gopi Gopi', 'gopincc95@gmail.com', '91', '9123123124', '2019-10-16', 'MALE', '   ', NULL, '2019-10-16 14:09:51', 1, NULL, NULL, NULL, NULL, NULL, NULL, NULL, NULL, 'NO'),
(50, NULL, 'ACTIVE', 'good', 'gopincc95@gmail.com', '91', '8883168251', '2019-10-16', 'MALE', '   ', NULL, '2019-10-16 14:26:04', 5, 'https://innowity.com/mrmaintanance/api/images/img_16102019_075650PM_proof1_front.jpg', 'https://innowity.com/mrmaintanance/api/images/img_16102019_075650PM_proof1_back.jpg', 'https://innowity.com/mrmaintanance/api/images/img_16102019_075650PM_proof2_front.jpg', 'https://innowity.com/mrmaintanance/api/images/img_16102019_075650PM_proof2_back.jpg', '12 medavakam chennai 585885 Tn', 2, '1,2', '1,2,3,4,17,5,6,7,8,18', 'NO'),
(51, NULL, 'ACTIVE', 'VIJAY KUMAR', 'vijay@gmail.com', '91', '9999988888', '1991-02-12', 'MALE', 'No 12 3rd cross 5th main road Medavakkam Madurai 600100', NULL, '2019-11-01 07:14:33', 1, NULL, NULL, NULL, NULL, NULL, NULL, NULL, NULL, 'NO'),
(52, NULL, 'ACTIVE', 'VIJAY KUMAR', 'vijy@gmail.com', '91', '9898989898', '1991-02-12', 'MALE', 'No: 12 3rd cross 5th main road Medavakkam Madurai 600100', NULL, '2019-11-01 07:16:12', 1, NULL, NULL, NULL, NULL, NULL, NULL, NULL, NULL, 'NO'),
(53, NULL, 'ACTIVE', 'gopii', 'fffffffffff@gmail.com', '91', '9555555555', '', 'MALE', 'No: 12 3rd cross 5th main road Medavakkam Madurai ', NULL, '2019-11-01 07:16:25', 1, NULL, NULL, NULL, NULL, NULL, NULL, NULL, NULL, 'NO'),
(54, NULL, 'ACTIVE', 'VIJAY KUMAR', 'vijy@gmail.com', '91', '9000000000', '1991-02-12', 'MALE', 'No: 12 3rd cross 5th main road Medavakkam Madurai 600100', NULL, '2019-11-01 07:16:38', 1, NULL, NULL, NULL, NULL, NULL, NULL, NULL, NULL, 'NO'),
(55, NULL, 'ACTIVE', 'raj', 'raj@gmail.com', '91', '9994196330', '1991-10-5', 'MALE', 'No:12 tambaram Chennai 600200', NULL, '2019-11-01 07:33:24', 1, NULL, NULL, NULL, NULL, NULL, NULL, NULL, NULL, 'NO'),
(56, NULL, 'ACTIVE', 'chandru', 'chandru@mail.com', '91', '9629879102', '20-12-1999', 'MALE', '5 tambaram chennai 600100', NULL, '2019-11-04 05:16:19', 1, NULL, NULL, NULL, NULL, NULL, NULL, NULL, NULL, 'NO'),
(57, NULL, 'ACTIVE', 'chan', 'rajachandru786@gmail.com', '91', '9196298755', '2019-11-4', 'MALE', '   ', NULL, '2019-11-04 05:27:36', 4, 'https://innowity.com/mrmaintanance/api/images/img_04112019_105835AM_proof1_front.jpg', 'https://innowity.com/mrmaintanance/api/images/img_04112019_105835AM_proof1_back.jpg', 'https://innowity.com/mrmaintanance/api/images/img_04112019_105835AM_proof2_front.jpg', 'https://innowity.com/mrmaintanance/api/images/img_04112019_105835AM_proof2_back.jpg', '50 sembakkam chennai 600100 Tamilnadu', NULL, '1,2', '1,3,4,17,6,7,18', 'NO'),
(58, NULL, 'ACTIVE', 'Gotham', 'go@mail.com', '91', '9876543210', '12-12-12', 'MALE', '3 medavakkam chennai 600100', NULL, '2019-11-04 07:06:49', 1, NULL, NULL, NULL, NULL, NULL, NULL, NULL, NULL, 'NO'),
(59, NULL, 'ACTIVE', 'raja', 'r@mail.com', '91', '7639792548', '12-12-12', 'MALE', '5 medavakkam chennai 600100', NULL, '2019-11-04 07:10:09', 1, NULL, NULL, NULL, NULL, NULL, NULL, NULL, NULL, 'NO'),
(60, NULL, 'ACTIVE', 'rrrrr', 'w@mail.vom', '91', '9876878765', '12-12-12', 'MALE', '5 dsfdfg dodge 655676', NULL, '2019-11-04 07:26:58', 1, NULL, NULL, NULL, NULL, NULL, NULL, NULL, NULL, 'NO'),
(61, NULL, 'ACTIVE', 'xxxxxx', 'xx@mail.com', '91', '9889988998', '12-12-12', 'MALE', '5 tambaram chennai 600100', NULL, '2019-11-04 07:47:38', 3, NULL, NULL, NULL, NULL, '5 tambaram chennai tambaram chennai', NULL, NULL, NULL, 'NO'),
(62, NULL, 'ACTIVE', 'abbas', 'abbas@gmail.com', '91', '8123123123', '2019-11-4', 'MALE', '   ', NULL, '2019-11-04 09:48:02', 5, 'https://innowity.com/mrmaintanance/api/images/img_04112019_031918PM_proof1_front.jpg', 'https://innowity.com/mrmaintanance/api/images/img_04112019_031918PM_proof1_back.jpg', 'https://innowity.com/mrmaintanance/api/images/img_04112019_031918PM_proof2_front.jpg', 'https://innowity.com/mrmaintanance/api/images/img_04112019_031918PM_proof2_back.jpg', '12 medavakam Chennai 123456 Tamilnadu', 2, '1,2,3', '1,2,5,6,7', 'NO'),
(63, NULL, 'ACTIVE', 'hari', 'h@mail.com', '91', '7899877890', '12-12-12', 'MALE', '7 tambaram chennai 600600', NULL, '2019-11-04 10:36:41', 3, NULL, NULL, NULL, NULL, '5 tambaram chennai tambaram chennai', NULL, NULL, NULL, 'NO'),
(64, NULL, 'ACTIVE', 'fffff', 'bw@mail.com', '91', '8989898989', '12-12-12', 'MALE', '5 tambaram chennai 600101', NULL, '2019-11-04 10:38:37', 3, NULL, NULL, NULL, NULL, '5 tambaram chennai tambaram chennai', NULL, NULL, NULL, 'NO');

-- --------------------------------------------------------

--
-- Table structure for table `employee_account_details`
--

CREATE TABLE `employee_account_details` (
  `id` int(20) NOT NULL,
  `emp_id` int(20) DEFAULT NULL,
  `pan_name` varchar(100) DEFAULT NULL,
  `pan_number` varchar(100) DEFAULT NULL,
  `pan_front_url` varchar(1000) DEFAULT NULL,
  `bank_id` int(20) DEFAULT NULL,
  `bank_name` varchar(1000) DEFAULT NULL,
  `bank_account_number` varchar(100) DEFAULT NULL,
  `ifsc` varchar(50) DEFAULT NULL,
  `cheque_url` varchar(1000) DEFAULT NULL,
  `gst_name` varchar(100) DEFAULT NULL,
  `gst_number` varchar(500) DEFAULT NULL
) ENGINE=InnoDB DEFAULT CHARSET=latin1;

--
-- Dumping data for table `employee_account_details`
--

INSERT INTO `employee_account_details` (`id`, `emp_id`, `pan_name`, `pan_number`, `pan_front_url`, `bank_id`, `bank_name`, `bank_account_number`, `ifsc`, `cheque_url`, `gst_name`, `gst_number`) VALUES
(1, 1, 'BALAMURUGAN V', 'BMHPB1018Z', 'https://innowity.com/mrmaintanance/api/images/img_23102019_080619PM_pan_front_url.jpg', NULL, NULL, '32604371677', NULL, NULL, 'BALA V', '29ABCDE1234F2Z5'),
(3, 19, 'BALAMURUGAN V', 'BMHPB1018Z', 'https://innowity.com/mrmaintanance/api/images/img_23102019_081130PM_pan_front_url.jpg', 1, 'STATE BANK OF INDIA', 'BMHPB1018Z', 'SBIN0000774', 'https://innowity.com/mrmaintanance/api/images/img_04112019_054601PM_cheque_url.jpg', 'BALAMURUGAN V', 'AAAA00000A126');

-- --------------------------------------------------------

--
-- Table structure for table `help_center_qa`
--

CREATE TABLE `help_center_qa` (
  `id` int(20) NOT NULL,
  `help_id` int(20) DEFAULT NULL,
  `sub_title` varchar(5000) DEFAULT NULL,
  `description` varchar(5000) DEFAULT NULL,
  `display` enum('YES','NO') NOT NULL DEFAULT 'YES'
) ENGINE=InnoDB DEFAULT CHARSET=latin1;

--
-- Dumping data for table `help_center_qa`
--

INSERT INTO `help_center_qa` (`id`, `help_id`, `sub_title`, `description`, `display`) VALUES
(1, 1, 'How do I find windows Key?', 'The product key is located inside the product packaging, on the receipt or confirmation page for a digital purchase or in a confirmation e-mail that shows you purchased Windows. If you purchased a digital copy from Microsoft Store, you can locate your product key in your Account under Digital Content.', 'YES'),
(2, 1, 'How do I find windows Key?', 'The product key is located inside the product packaging, on the receipt or confirmation page for a digital purchase or in a confirmation e-mail that shows you purchased Windows. If you purchased a digital copy from Microsoft Store, you can locate your product key in your Account under Digital Content.', 'YES'),
(3, 2, 'How do I find windows Key?', 'The product key is located inside the product packaging, on the receipt or confirmation page for a digital purchase or in a confirmation e-mail that shows you purchased Windows. If you purchased a digital copy from Microsoft Store, you can locate your product key in your Account under Digital Content.', 'YES'),
(4, 3, 'How do I find windows Key?', 'The product key is located inside the product packaging, on the receipt or confirmation page for a digital purchase or in a confirmation e-mail that shows you purchased Windows. If you purchased a digital copy from Microsoft Store, you can locate your product key in your Account under Digital Content.', 'YES'),
(5, 4, 'How do I find windows Key?', 'The product key is located inside the product packaging, on the receipt or confirmation page for a digital purchase or in a confirmation e-mail that shows you purchased Windows. If you purchased a digital copy from Microsoft Store, you can locate your product key in your Account under Digital Content.', 'YES'),
(6, 5, 'Customer care executive', '044 12345678', 'YES'),
(7, 6, 'How do I find windows Key?', 'The product key is located inside the product packaging, on the receipt or confirmation page for a digital purchase or in a confirmation e-mail that shows you purchased Windows. If you purchased a digital copy from Microsoft Store, you can locate your product key in your Account under Digital Content.', 'YES'),
(8, 5, 'Office', '044 87654321', 'YES'),
(9, 5, 'email', 'sample@sample.com', 'YES');

-- --------------------------------------------------------

--
-- Table structure for table `help_center_title`
--

CREATE TABLE `help_center_title` (
  `id` int(20) NOT NULL,
  `title` varchar(100) DEFAULT NULL,
  `display` enum('YES','NO') NOT NULL DEFAULT 'YES'
) ENGINE=InnoDB DEFAULT CHARSET=latin1;

--
-- Dumping data for table `help_center_title`
--

INSERT INTO `help_center_title` (`id`, `title`, `display`) VALUES
(1, 'FREQUENTLY ASKED QUESTIONS', 'YES'),
(2, 'ISSUE WITH BOOKING', 'YES'),
(3, 'ISSUE WITH PAYMENT', 'YES'),
(4, 'ISSUE WITH SERVICE PROVIDER', 'YES'),
(5, 'CONTACT SUPPORT', 'YES'),
(6, 'BOOKING SERVICE GUIDE', 'YES');

-- --------------------------------------------------------

--
-- Table structure for table `home_categories`
--

CREATE TABLE `home_categories` (
  `id` int(11) NOT NULL,
  `name` varchar(1000) NOT NULL,
  `image` varchar(255) NOT NULL,
  `tax_percent` int(10) DEFAULT NULL,
  `is_display` enum('YES','NO') NOT NULL DEFAULT 'YES',
  `date` date NOT NULL
) ENGINE=InnoDB DEFAULT CHARSET=latin1;

--
-- Dumping data for table `home_categories`
--

INSERT INTO `home_categories` (`id`, `name`, `image`, `tax_percent`, `is_display`, `date`) VALUES
(1, 'General Home Services', 'https://innowity.com/mrmaintanance/images/image1.png', 18, 'YES', '2019-09-04'),
(2, 'Home Cleaning Services', 'https://innowity.com/mrmaintanance/images/image2.png', 16, 'YES', '2019-09-04');

-- --------------------------------------------------------

--
-- Table structure for table `main_categories`
--

CREATE TABLE `main_categories` (
  `id` int(11) NOT NULL,
  `home_category_id` int(11) NOT NULL,
  `division` enum('A','B') DEFAULT 'A',
  `choose_service_2b` enum('YES','NO') DEFAULT NULL,
  `name` varchar(1000) NOT NULL,
  `image` varchar(255) NOT NULL,
  `icon` varchar(255) NOT NULL,
  `is_display` enum('YES','NO') NOT NULL DEFAULT 'YES',
  `show_in_home` enum('YES','NO') NOT NULL DEFAULT 'NO',
  `date` date NOT NULL,
  `description` varchar(1000) NOT NULL,
  `static_page` varchar(1000) NOT NULL,
  `label_1` varchar(500) DEFAULT NULL,
  `label_2` varchar(500) DEFAULT NULL,
  `label_3` varchar(500) DEFAULT NULL,
  `how` varchar(2083) DEFAULT NULL,
  `about` varchar(2083) DEFAULT NULL
) ENGINE=InnoDB DEFAULT CHARSET=latin1;

--
-- Dumping data for table `main_categories`
--

INSERT INTO `main_categories` (`id`, `home_category_id`, `division`, `choose_service_2b`, `name`, `image`, `icon`, `is_display`, `show_in_home`, `date`, `description`, `static_page`, `label_1`, `label_2`, `label_3`, `how`, `about`) VALUES
(1, 1, 'A', 'YES', 'Electrician', 'https://innowity.com/mrmaintanance/images/electrician_image.png', 'https://innowity.com/mrmaintanance/images/electrician_icon.png', 'YES', 'YES', '0000-00-00', '<h3>Electrician</h3>\r\n<ul>\r\n        <li><img src=\"http://innowity.com/mrmaintanance/api/images/double-tick.PNG\">  Skilled and verified electricians</li>\r\n        <li><img src=\"http://innowity.com/mrmaintanance/api/images/clock.PNG\">  30-Day Service guaran', '<h3>Electrician Service</h3>  <h4>How it Works</h4> <ul> <li>Choose the type of service</li> <li>Choose your time-slot</li> <li>Hassle-free Service</li> </ul>  <h5>All about Electrician</h5> Now decades since the invention of electricitu, it is just impos', 'Skilled and verified electricians', '30 Day service guarantee', 'Damage cover on every booking', 'Choose your type of service / Choose your time slot / Hassle-free service', 'Get Star-Rated Electricians Near You within 2 hours for services at best prices. Book Now!'),
(2, 1, 'A', 'YES', 'Plumber', 'https://innowity.com/mrmaintanance/images/electrician_image.png', 'https://innowity.com/mrmaintanance/images/electrician_icon.png', 'YES', 'YES', '0000-00-00', '<h3>Plumber</h3>\r\n<ul>\r\n        <li><img src=\"http://innowity.com/mrmaintanance/api/images/double-tickdouble-tick.PNG\">  Skilled and verified Plumber</li>\r\n        <li><img src=\"http://innowity.com/mrmaintanance/api/images/clock.PNG\">  30-Day Service guar', '<h3>Plumber Service</h3>  <h4>How it Works</h4> <ul> <li>Choose the type of service</li> <li>Choose your time-slot</li> <li>Hassle-free Service</li> </ul>  <h5>All about Plumber</h5> Now decades since the invention of electricitu, it is just impossible to even imagine even 10 minutes Without it. Over so many years our need for Electricity has multiplied and diversified. Any small Breakdown or malfunction', 'Skilled and verified electricians', '30 Day service guarantee', 'Damage cover on every booking', 'Choose your type of service / Choose your time slot / Hassle-free service', 'Get Star-Rated Electricians Near You within 2 hours for services at best prices. Book Now!'),
(3, 1, 'A', 'YES', 'Mason', 'https://innowity.com/mrmaintanance/images/electrician_image.png', 'https://innowity.com/mrmaintanance/images/electrician_icon.png', 'YES', 'YES', '0000-00-00', '<h3>Mason</h3> <ul>         <li>Skilled and verified Mason</li>         <li>30-Day Service guarantee</li>         <li>Damage cover on every bookings</li> </ul>', '<h3>Mason Service</h3>  <h4>How it Works</h4> <ul> <li>Choose the type of service</li> <li>Choose your time-slot</li> <li>Hassle-free Service</li> </ul>  <h5>All about Mason</h5> Now decades since the invention of electricitu, it is just impossible to even imagine even 10 minutes Without it. Over so many years our need for Electricity has multiplied and diversified. Any small Breakdown or malfunction', 'Skilled and verified electricians', '30 Day service guarantee', 'Damage cover on every booking', 'Choose your type of service / Choose your time slot / Hassle-free service', 'Get Star-Rated Electricians Near You within 2 hours for services at best prices. Book Now!'),
(4, 1, 'A', 'YES', 'Painter', 'https://innowity.com/mrmaintanance/images/electrician_image.png', 'https://innowity.com/mrmaintanance/images/electrician_icon.png', 'YES', 'YES', '0000-00-00', '<h3>Painter</h3>\r\n<ul>\r\n        <li><img src=\"http://innowity.com/mrmaintanance/api/images/double-tick.PNG\">  Skilled and verified Painter</li>\r\n        <li><img src=\"http://innowity.com/mrmaintanance/api/images/clock.PNG\">  30-Day Service guarantee</li>\r', '<h3>Painter Service</h3>  <h4>How it Works</h4> <ul> <li>Choose the type of service</li> <li>Choose your time-slot</li> <li>Hassle-free Service</li> </ul>  <h5>All about Painter</h5> Now decades since the invention of electricitu, it is just impossible to even imagine even 10 minutes Without it. Over so many years our need for Electricity has multiplied and diversified. Any small Breakdown or malfunction', 'Skilled and verified electricians', '30 Day service guarantee', 'Damage cover on every booking', 'Choose your type of service / Choose your time slot / Hassle-free service', 'Get Star-Rated Electricians Near You within 2 hours for services at best prices. Book Now!'),
(5, 1, 'A', 'YES', 'Ac Repair', 'https://innowity.com/mrmaintanance/images/electrician_image.png', 'https://innowity.com/mrmaintanance/images/electrician_icon.png', 'YES', 'YES', '2019-09-26', '<h3>AC Repair</h3>\r\n<ul>\r\n        <li><img src=\"http://innowity.com/mrmaintanance/api/images/double-tick.PNG\">  Skilled and verified Ac Repair</li>\r\n        <li><img src=\"http://innowity.com/mrmaintanance/api/images/clock.PNG\">  30-Day Service guarantee</', '<h3>Ac Repair Service</h3>  <h4>How it Works</h4> <ul> <li>Choose the type of service</li> <li>Choose your time-slot</li> <li>Hassle-free Service</li> </ul>  <h5>All about Ac Repair</h5> Now decades since the invention of electricitu, it is just impossible to even imagine even 10 minutes Without it. Over so many years our need for Electricity has multiplied and diversified. Any small Breakdown or malfunction', 'Skilled and verified electricians', '30 Day service guarantee', 'Damage cover on every booking', 'Choose your type of service / Choose your time slot / Hassle-free service', 'Get Star-Rated Electricians Near You within 2 hours for services at best prices. Book Now!'),
(6, 1, 'A', 'YES', 'Washing Machine', 'https://innowity.com/mrmaintanance/images/electrician_image.png', 'https://innowity.com/mrmaintanance/images/electrician_icon.png', 'YES', 'YES', '2019-09-26', '<h3>Wasing Machine</h3> <ul>         <li>Skilled and verified Wasing Machine Repair</li>         <li>30-Day Service guarantee</li>         <li>Damage cover on every bookings</li> </ul>', '<h3>Washing Machine Service</h3>  <h4>How it Works</h4> <ul> <li>Choose the type of service</li> <li>Choose your time-slot</li> <li>Hassle-free Service</li> </ul>  <h5>All about Washing Machine</h5> Now decades since the invention of electricitu, it is just impossible to even imagine even 10 minutes Without it. Over so many years our need for Electricity has multiplied and diversified. Any small Breakdown or malfunction', 'Skilled and verified electricians', '30 Day service guarantee', 'Damage cover on every booking', 'Choose your type of service / Choose your time slot / Hassle-free service', 'Get Star-Rated Electricians Near You within 2 hours for services at best prices. Book Now!'),
(7, 1, 'A', 'YES', 'CCTV', 'https://innowity.com/mrmaintanance/images/electrician_image.png', 'https://innowity.com/mrmaintanance/images/electrician_icon.png', 'YES', 'NO', '2019-09-26', '<h3>CCTV</h3> <ul>         <li>Skilled and verified CCTV Repair</li>         <li>30-Day Service guarantee</li>         <li>Damage cover on every bookings</li> </ul>', '<h3>CCTV Service</h3>  <h4>How it Works</h4> <ul> <li>Choose the type of service</li> <li>Choose your time-slot</li> <li>Hassle-free Service</li> </ul>  <h5>All about CCTV</h5> Now decades since the invention of electricitu, it is just impossible to even imagine even 10 minutes Without it. Over so many years our need for Electricity has multiplied and diversified. Any small Breakdown or malfunction', 'Skilled and verified electricians', '30 Day service guarantee', 'Damage cover on every booking', 'Choose your type of service / Choose your time slot / Hassle-free service', 'Get Star-Rated Electricians Near You within 2 hours for services at best prices. Book Now!'),
(8, 2, 'A', NULL, 'Air Conditioner Service', 'https://innowity.com/mrmaintanance/images/electrician_image.png', 'https://innowity.com/mrmaintanance/images/electrician_icon.png', 'YES', 'NO', '2019-09-26', '<h3>CCTV</h3> <ul>         <li>Skilled and verified CCTV Repair</li>         <li>30-Day Service guarantee</li>         <li>Damage cover on every bookings</li> </ul>', '<h3>CCTV Service</h3>  <h4>How it Works</h4> <ul> <li>Choose the type of service</li> <li>Choose your time-slot</li> <li>Hassle-free Service</li> </ul>  <h5>All about CCTV</h5> Now decades since the invention of electricitu, it is just impossible to even imagine even 10 minutes Without it. Over so many years our need for Electricity has multiplied and diversified. Any small Breakdown or malfunction', 'Skilled and verified electricians', '30 Day service guarantee', 'Damage cover on every booking', 'Choose your type of service / Choose your time slot / Hassle-free service', 'Get Star-Rated Electricians Near You within 2 hours for services at best prices. Book Now!'),
(9, 2, 'A', NULL, 'RO Water Purifier Service', 'https://innowity.com/mrmaintanance/images/electrician_image.png', 'https://innowity.com/mrmaintanance/images/electrician_icon.png', 'YES', 'NO', '2019-09-26', '<h3>CCTV</h3> <ul>         <li>Skilled and verified CCTV Repair</li>         <li>30-Day Service guarantee</li>         <li>Damage cover on every bookings</li> </ul>', '<h3>CCTV Service</h3>  <h4>How it Works</h4> <ul> <li>Choose the type of service</li> <li>Choose your time-slot</li> <li>Hassle-free Service</li> </ul>  <h5>All about CCTV</h5> Now decades since the invention of electricitu, it is just impossible to even imagine even 10 minutes Without it. Over so many years our need for Electricity has multiplied and diversified. Any small Breakdown or malfunction', 'Skilled and verified electricians', '30 Day service guarantee', 'Damage cover on every booking', 'Choose your type of service / Choose your time slot / Hassle-free service', 'Get Star-Rated Electricians Near You within 2 hours for services at best prices. Book Now!'),
(10, 2, 'A', NULL, 'Cable TV / DTH Connection', 'https://innowity.com/mrmaintanance/images/electrician_image.png', 'https://innowity.com/mrmaintanance/images/electrician_icon.png', 'YES', 'NO', '2019-09-26', '<h3>CCTV</h3> <ul>         <li>Skilled and verified CCTV Repair</li>         <li>30-Day Service guarantee</li>         <li>Damage cover on every bookings</li> </ul>', '<h3>CCTV Service</h3>  <h4>How it Works</h4> <ul> <li>Choose the type of service</li> <li>Choose your time-slot</li> <li>Hassle-free Service</li> </ul>  <h5>All about CCTV</h5> Now decades since the invention of electricitu, it is just impossible to even imagine even 10 minutes Without it. Over so many years our need for Electricity has multiplied and diversified. Any small Breakdown or malfunction', 'Skilled and verified electricians', '30 Day service guarantee', 'Damage cover on every booking', 'Choose your type of service / Choose your time slot / Hassle-free service', 'Get Star-Rated Electricians Near You within 2 hours for services at best prices. Book Now!'),
(11, 2, 'B', NULL, 'ANNUAL MAINTENANCE TYPE 1', 'https://innowity.com/mrmaintanance/images/electrician_image.png', 'https://innowity.com/mrmaintanance/images/electrician_icon.png', 'YES', 'NO', '2019-09-26', '<h3>CCTV</h3> <ul>         <li>Skilled and verified CCTV Repair</li>         <li>30-Day Service guarantee</li>         <li>Damage cover on every bookings</li> </ul>', '<h3>CCTV Service</h3>  <h4>How it Works</h4> <ul> <li>Choose the type of service</li> <li>Choose your time-slot</li> <li>Hassle-free Service</li> </ul>  <h5>All about CCTV</h5> Now decades since the invention of electricitu, it is just impossible to even imagine even 10 minutes Without it. Over so many years our need for Electricity has multiplied and diversified. Any small Breakdown or malfunction', 'Skilled and verified electricians', '30 Day service guarantee', 'Damage cover on every booking', 'Choose your type of service / Choose your time slot / Hassle-free service', 'Get Star-Rated Electricians Near You within 2 hours for services at best prices. Book Now!');

-- --------------------------------------------------------

--
-- Table structure for table `otp`
--

CREATE TABLE `otp` (
  `id` int(20) NOT NULL,
  `otp` int(20) DEFAULT NULL,
  `created` timestamp NOT NULL DEFAULT CURRENT_TIMESTAMP ON UPDATE CURRENT_TIMESTAMP,
  `country_code` varchar(10) DEFAULT NULL,
  `cell` varchar(16) DEFAULT NULL
) ENGINE=InnoDB DEFAULT CHARSET=latin1;

--
-- Dumping data for table `otp`
--

INSERT INTO `otp` (`id`, `otp`, `created`, `country_code`, `cell`) VALUES
(204, 12345, '2019-10-14 10:06:21', '91', '9876543510'),
(271, 12345, '2019-10-15 08:02:03', '91', '9600123452'),
(302, 12345, '2019-10-15 10:18:53', '', '7777755555'),
(311, 12345, '2019-10-15 11:18:36', '91', '9786453210'),
(345, 12345, '2019-10-15 12:28:32', '', '9994999835'),
(440, 12345, '2019-10-16 06:58:11', '91', '7777774444'),
(593, 12345, '2019-10-16 14:32:15', '91', '8883168251'),
(598, 12345, '2019-10-16 14:46:14', '+91', '9797979794'),
(732, 12345, '2019-10-27 12:44:48', '91', '7555555555'),
(733, 12345, '2019-10-27 12:45:02', '91', '8883168253'),
(739, 12345, '2019-10-30 06:35:00', '+1', '9454145455'),
(743, 12345, '2019-10-30 06:42:08', '+1', '9787249555'),
(748, 12345, '2019-10-30 06:53:11', '+91', '9784514545'),
(839, 12345, '2019-11-01 05:24:18', '+91', '9994196330'),
(841, 12345, '2019-11-01 06:00:27', '91', '9600123456'),
(955, 12345, '2019-11-02 11:17:57', '91', '6999999999'),
(956, 12345, '2019-11-02 11:21:42', '+91', '6888888888'),
(958, 12345, '2019-11-02 11:31:53', '91', '6988888888'),
(972, 12345, '2019-11-04 07:12:58', '91', '7639792548'),
(973, 12345, '2019-11-04 09:52:30', '91', '8123123123'),
(975, 12345, '2019-11-04 14:21:20', '91', '9600096000'),
(976, 12345, '2019-11-04 14:23:43', '91', '9400094000'),
(977, 12345, '2019-11-04 14:24:56', '91', '9630096300'),
(978, 12345, '2019-11-04 14:25:28', '91', '9900099000');

-- --------------------------------------------------------

--
-- Table structure for table `products`
--

CREATE TABLE `products` (
  `id` int(11) NOT NULL,
  `category_id` int(11) NOT NULL,
  `product_title` varchar(1000) DEFAULT NULL,
  `product_description` text,
  `price` double NOT NULL DEFAULT '0',
  `is_display` enum('YES','NO') NOT NULL DEFAULT 'YES',
  `date` date NOT NULL
) ENGINE=InnoDB DEFAULT CHARSET=latin1;

--
-- Dumping data for table `products`
--

INSERT INTO `products` (`id`, `category_id`, `product_title`, `product_description`, `price`, `is_display`, `date`) VALUES
(1, 1, 'Celling Fan', '(Installation/Repair)', 850, 'YES', '2019-10-10'),
(2, 1, 'Table Fan', '(Installation/Repair)', 890, 'YES', '2019-10-10'),
(3, 1, 'Some other fan', '(Installation/Repair)', 890, 'YES', '2019-10-10'),
(4, 2, 'Celling light', '(Installation/Repair)', 850, 'YES', '2019-10-10'),
(5, 2, 'Table light', '(Installation/Repair)', 890, 'YES', '2019-10-10'),
(6, 2, 'Some other light', '(Installation/Repair)', 890, 'YES', '2019-10-10'),
(7, 3, 'WATER HEATER NAME 1', '(Installation/Repair)', 850, 'YES', '2019-10-10'),
(8, 3, 'WATER HEATER NAME 2', '(Installation/Repair)', 890, 'YES', '2019-10-10'),
(9, 3, 'WATER HEATER NAME 3', '(Installation/Repair)', 890, 'YES', '2019-10-10'),
(10, 4, 'SWITCH TYPE 1', '(Installation / Repair)', 500, 'YES', '2019-10-10'),
(11, 5, 'PIPE TYPE 1', '(Installation / Repair)', 500, 'YES', '2019-10-10'),
(12, 6, 'VALVE TYPE 1', '(Installation / Repair)', 500, 'YES', '2019-10-10'),
(13, 7, 'WATER METER TYPE 1', '(Installation / Repair)', 500, 'YES', '2019-10-10'),
(14, 8, 'WATER PUMP TYPE 1', '(Installation / Repair)', 500, 'YES', '2019-10-10'),
(15, 9, 'CEMENT WORK TYPE 1', '(Installation / Repair)', 500, 'YES', '2019-10-10'),
(16, 10, 'PATCH WORK TYPE 1', '(Installation / Repair)', 500, 'YES', '2019-10-10'),
(17, 11, 'FLOOR TILES TYPE 1', '(Installation / Repair)', 1000, 'YES', '2019-10-10'),
(18, 12, 'WALL TILES TYPE 1', '(Installation / Repair)', 1000, 'YES', '2019-10-10'),
(19, 13, 'HOUSE PAINTING TYPE 1', '(Installation / Repair)', 1500, 'YES', '2019-10-10'),
(20, 14, 'AC CHECK UP TYPE 1', '(Installation / Repair)', 2000, 'YES', '2019-10-10'),
(21, 15, 'WASHING MACHINE CHECK UP TYPE 1', '(Installation / Repair)', 2000, 'YES', '2019-10-10'),
(22, 16, 'CCTV TYPE 1', '(Installation / Repair)', 3000, 'YES', '2019-10-10');

-- --------------------------------------------------------

--
-- Table structure for table `rate_card`
--

CREATE TABLE `rate_card` (
  `id` int(50) NOT NULL,
  `sub_category_id` int(20) DEFAULT NULL,
  `name` varchar(1000) DEFAULT NULL,
  `cost` int(20) NOT NULL DEFAULT '0'
) ENGINE=InnoDB DEFAULT CHARSET=latin1;

--
-- Dumping data for table `rate_card`
--

INSERT INTO `rate_card` (`id`, `sub_category_id`, `name`, `cost`) VALUES
(1, 3, 'INLET PIPE', 300),
(2, 3, 'DRAIN HOSE', 280),
(3, 3, 'BELLOW', 400),
(4, 3, 'SPIN CAP', 1000),
(5, 3, 'GEAR BOX', 350),
(6, 3, 'PULLEY', 480),
(7, 3, 'TIMER SPIN', 320),
(8, 3, 'SPIN MOTOR', 250),
(9, 3, 'WASH MOTOR', 1500),
(10, 3, 'FILTER', 180),
(11, 3, 'CAPACITOR', 270),
(12, 8, 'INLET PIPE FOR PUMP', 300),
(13, 8, 'DRAIN HOSE FOR PUMP', 280),
(14, 8, 'BELLOW FOR PUMP', 400),
(15, 8, 'SPIN CAP FOR PUMP', 1000),
(16, 8, 'GEAR BOX FOR PUMP', 350),
(17, 8, 'PULLEY FOR PUMP', 480),
(18, 8, 'TIMER SPIN FOR PUMP', 320),
(19, 8, 'SPIN MOTOR FOR PUMP', 250),
(20, 8, 'WASH MOTOR', 1500),
(21, 8, 'FILTER FOR PUMP', 180),
(22, 8, 'CAPACITOR FOR PUMP', 270);

-- --------------------------------------------------------

--
-- Table structure for table `rate_visits`
--

CREATE TABLE `rate_visits` (
  `id` int(20) NOT NULL,
  `main_category_id` int(10) DEFAULT NULL,
  `rate` int(20) NOT NULL DEFAULT '0',
  `visits` int(10) DEFAULT NULL,
  `minutes_per_visit` int(20) NOT NULL DEFAULT '0'
) ENGINE=InnoDB DEFAULT CHARSET=latin1;

--
-- Dumping data for table `rate_visits`
--

INSERT INTO `rate_visits` (`id`, `main_category_id`, `rate`, `visits`, `minutes_per_visit`) VALUES
(1, 8, 4000, 3, 0),
(2, 9, 4000, 3, 0),
(3, 10, 4000, 3, 0),
(4, 11, 2999, 15, 90),
(6, 8, 8000, 6, 0),
(7, 9, 8000, 6, 0),
(8, 10, 8000, 6, 0),
(9, 11, 3999, 18, 90),
(11, 8, 12000, 9, 0),
(12, 9, 12000, 9, 0),
(13, 10, 12000, 9, 0),
(14, 11, 4999, 21, 90);

-- --------------------------------------------------------

--
-- Table structure for table `reviews`
--

CREATE TABLE `reviews` (
  `id` int(11) NOT NULL,
  `booking_id` int(20) DEFAULT NULL,
  `visit_id` int(20) DEFAULT NULL,
  `emp_id` int(20) DEFAULT NULL,
  `main_category_id` int(11) DEFAULT NULL,
  `user_name` varchar(200) DEFAULT NULL,
  `stars` decimal(10,1) DEFAULT NULL,
  `review_text` varchar(255) NOT NULL
) ENGINE=InnoDB DEFAULT CHARSET=latin1;

--
-- Dumping data for table `reviews`
--

INSERT INTO `reviews` (`id`, `booking_id`, `visit_id`, `emp_id`, `main_category_id`, `user_name`, `stars`, `review_text`) VALUES
(16, 171019001, NULL, 1, 1, 'Ani', '4.5', 'The electician did a thorough job of fixing fan and light for my home. He is so kind and courteous person.'),
(17, 171019001, NULL, NULL, 2, 'Ramesh', '3.5', 'The Plumber did a thorough job of fixing fan and light for my home. He is so kind and courteous person.'),
(18, NULL, NULL, NULL, 3, 'Santhanam', '3.0', 'The Mason did a thorough job of fixing fan and light for my home. He is so kind and courteous person.'),
(19, NULL, NULL, NULL, 4, 'Ganguly', '4.5', 'The Painter did a thorough job of fixing fan and light for my home. He is so kind and courteous person.'),
(20, NULL, NULL, NULL, 5, 'Dhoni', '4.0', 'The AC Repair Mechanic did a thorough job of fixing fan and light for my home. He is so kind and courteous person.'),
(21, NULL, NULL, NULL, 6, 'Sehwag', '3.5', 'The washing machine machanic did a thorough job of fixing fan and light for my home. He is so kind and courteous person.'),
(22, NULL, NULL, NULL, 7, 'Kohli', '2.5', 'The CCTV mechanic did a thorough job of fixing fan and light for my home. He is so kind and courteous person.'),
(23, NULL, NULL, NULL, 8, 'Allan Donald', '3.5', 'The AC Service mechanic did a thorough job of fixing fan and light for my home. He is so kind and courteous person.'),
(24, NULL, NULL, NULL, 9, 'Roshan', '3.0', 'The RO Service mechanic did a thorough job of fixing fan and light for my home. He is so kind and courteous person.'),
(25, NULL, NULL, NULL, 10, 'Sangeetha', '4.5', 'The Cable TV Service mechanic did a thorough job of fixing fan and light for my home. He is so kind and courteous person.'),
(26, NULL, NULL, NULL, 11, 'Bhuvana', '3.5', 'The AMC TYPE 1 mechanic did a thorough job of fixing fan and light for my home. He is so kind and courteous person.'),
(34, 291019003, 145, 1, 11, 'Smarther', '4.5', 'The electician did a thorough job of fixing fan and light for my home. He is so kind and courteous person.');

-- --------------------------------------------------------

--
-- Table structure for table `servicer_credit_history`
--

CREATE TABLE `servicer_credit_history` (
  `id` int(10) NOT NULL,
  `emp_id` int(10) DEFAULT NULL,
  `type` enum('1','2','3') DEFAULT NULL,
  `added_on` timestamp NOT NULL DEFAULT CURRENT_TIMESTAMP,
  `amount` int(10) NOT NULL DEFAULT '0',
  `type2_booking_id` int(20) DEFAULT NULL,
  `credits` int(10) NOT NULL DEFAULT '0',
  `status` varchar(100) DEFAULT NULL
) ENGINE=InnoDB DEFAULT CHARSET=latin1;

--
-- Dumping data for table `servicer_credit_history`
--

INSERT INTO `servicer_credit_history` (`id`, `emp_id`, `type`, `added_on`, `amount`, `type2_booking_id`, `credits`, `status`) VALUES
(1, 19, '1', '2019-10-10 09:17:45', 1000, NULL, 100, 'Payment Successful'),
(2, 19, '2', '2019-10-16 16:59:45', 0, 161019008, 3, 'Accepted'),
(3, 19, '1', '2019-10-16 17:13:00', 1000, NULL, 100, 'Payment Successful'),
(4, 19, '2', '2019-10-16 17:11:45', 0, 161019009, 3, 'Accepted'),
(5, 19, '3', '2019-10-16 17:22:45', 0, 161019009, 10, 'Delayed service');

-- --------------------------------------------------------

--
-- Table structure for table `servicer_packages`
--

CREATE TABLE `servicer_packages` (
  `id` int(10) NOT NULL,
  `name` varchar(1000) DEFAULT NULL,
  `amount` int(20) NOT NULL DEFAULT '0',
  `credits` int(20) NOT NULL DEFAULT '0',
  `amount_per_credit` int(20) NOT NULL DEFAULT '0',
  `added` timestamp NOT NULL DEFAULT CURRENT_TIMESTAMP,
  `validity` varchar(50) NOT NULL DEFAULT 'YES'
) ENGINE=InnoDB DEFAULT CHARSET=latin1;

--
-- Dumping data for table `servicer_packages`
--

INSERT INTO `servicer_packages` (`id`, `name`, `amount`, `credits`, `amount_per_credit`, `added`, `validity`) VALUES
(1, 'Initiation Package', 1000, 100, 10, '2019-10-10 09:40:02', 'YES');

-- --------------------------------------------------------

--
-- Table structure for table `slot`
--

CREATE TABLE `slot` (
  `id` int(10) NOT NULL,
  `name` varchar(100) DEFAULT NULL,
  `start` varchar(50) DEFAULT NULL,
  `end` varchar(50) DEFAULT NULL
) ENGINE=InnoDB DEFAULT CHARSET=latin1;

--
-- Dumping data for table `slot`
--

INSERT INTO `slot` (`id`, `name`, `start`, `end`) VALUES
(1, '07:00 AM to 09:00 AM', '07:00:00', '09:00:00'),
(2, '09:00 AM to 11:00 AM', '09:00:00', '11:00:00'),
(3, '11:00 AM to 01:00 PM', '11:00:00', '13:00:00'),
(4, '01:00 PM to 03:00 PM', '13:00:00', '15:00:00'),
(5, '03:00 PM to 05:00 PM', '15:00:00', '17:00:00'),
(6, '05:00 PM to 07:00 PM', '17:00:00', '19:00:00'),
(7, '07:00 PM to 09:00 PM', '19:00:00', '21:00:00');

-- --------------------------------------------------------

--
-- Table structure for table `subscription`
--

CREATE TABLE `subscription` (
  `id` int(11) NOT NULL,
  `subs_name` varchar(250) NOT NULL,
  `subs_price` int(50) NOT NULL,
  `subs_image` varchar(255) NOT NULL,
  `nof_services` int(50) NOT NULL,
  `how_it_works` varchar(250) NOT NULL,
  `about` varchar(250) NOT NULL,
  `created_at` timestamp NOT NULL DEFAULT CURRENT_TIMESTAMP
) ENGINE=InnoDB DEFAULT CHARSET=latin1;

--
-- Dumping data for table `subscription`
--

INSERT INTO `subscription` (`id`, `subs_name`, `subs_price`, `subs_image`, `nof_services`, `how_it_works`, `about`, `created_at`) VALUES
(1, 'AC Annual Maintanance', 4000, 'innowity.com/mrmaintanance/images/subscription-images', 3, 'Lorem ipsum dolor sit amet, consectetur adipiscing elit, sed do eiusmod tempor incididunt ut labore et dolore magna aliqua. Ut enim ad minim veniam, quis nostrud exercitation ullamco laboris nisi ut aliquip ex ea commodo consequat.', 'Duis aute irure dolor in reprehenderit in voluptate velit esse cillum dolore eu fugiat nulla pariatur. Excepteur sint occaecat cupidatat non proident, sunt in culpa qui officia deserunt mollit anim id est laborum.', '2019-09-25 13:21:29'),
(2, 'RO or Water Prurifier Service', 3000, 'innowity.com/mrmaintanance/images/subscription-images', 3, 'Duis aute irure dolor in reprehenderit in voluptate velit esse cillum dolore eu fugiat nulla pariatur. Excepteur sint occaecat cupidatat non proident, sunt in culpa qui officia deserunt mollit anim id est laborum.', 'Lorem ipsum dolor sit amet, consectetur adipiscing elit, sed do eiusmod tempor incididunt ut labore et dolore magna aliqua. Ut enim ad minim veniam, quis nostrud exercitation ullamco laboris nisi ut aliquip ex ea commodo consequat. ', '2019-09-25 13:23:56'),
(3, 'Home Care Service', 4000, 'innowity.com/mrmaintanance/images/subscription-images', 3, 'Lorem ipsum dolor sit amet, consectetur adipiscing elit, sed do eiusmod tempor incididunt ut labore et dolore magna aliqua. Ut enim ad minim veniam, quis nostrud exercitation ullamco laboris nisi ut aliquip ex ea commodo consequat. ', 'Duis aute irure dolor in reprehenderit in voluptate velit esse cillum dolore eu fugiat nulla pariatur. Excepteur sint occaecat cupidatat non proident, sunt in culpa qui officia deserunt mollit anim id est laborum.', '2019-09-25 13:23:56'),
(4, 'Painter Service', 4000, 'innowity.com/mrmaintanance/images/subscription-images', 3, 'Duis aute irure dolor in reprehenderit in voluptate velit esse cillum dolore eu fugiat nulla pariatur. Excepteur sint occaecat cupidatat non proident, sunt in culpa qui officia deserunt mollit anim id est laborum.', 'Lorem ipsum dolor sit amet, consectetur adipiscing elit, sed do eiusmod tempor incididunt ut labore et dolore magna aliqua. Ut enim ad minim veniam, quis nostrud exercitation ullamco laboris nisi ut aliquip ex ea commodo consequat. ', '2019-09-25 13:24:46'),
(5, 'Welder Service', 4000, 'innowity.com/mrmaintanance/images/subscription-images', 4, 'Duis aute irure dolor in reprehenderit in voluptate velit esse cillum dolore eu fugiat nulla pariatur. Excepteur sint occaecat cupidatat non proident, sunt in culpa qui officia deserunt mollit anim id est laborum.', 'Lorem ipsum dolor sit amet, consectetur adipiscing elit, sed do eiusmod tempor incididunt ut labore et dolore magna aliqua. Ut enim ad minim veniam, quis nostrud exercitation ullamco laboris nisi ut aliquip ex ea commodo consequat. ', '2019-09-25 13:24:46'),
(6, 'Mason Service', 4000, 'innowity.com/mrmaintanance/images/subscription-images', 4, 'Duis aute irure dolor in reprehenderit in voluptate velit esse cillum dolore eu fugiat nulla pariatur. Excepteur sint occaecat cupidatat non proident, sunt in culpa qui officia deserunt mollit anim id est laborum.', 'Duis aute irure dolor in reprehenderit in voluptate velit esse cillum dolore eu fugiat nulla pariatur. Excepteur sint occaecat cupidatat non proident, sunt in culpa qui officia deserunt mollit anim id est laborum.', '2019-09-25 13:25:11');

-- --------------------------------------------------------

--
-- Table structure for table `sub_categories`
--

CREATE TABLE `sub_categories` (
  `id` int(11) NOT NULL,
  `main_category_id` int(11) NOT NULL,
  `name` varchar(255) NOT NULL,
  `image` varchar(255) NOT NULL,
  `is_display` enum('YES','NO') DEFAULT NULL,
  `date` date NOT NULL
) ENGINE=InnoDB DEFAULT CHARSET=latin1;

--
-- Dumping data for table `sub_categories`
--

INSERT INTO `sub_categories` (`id`, `main_category_id`, `name`, `image`, `is_display`, `date`) VALUES
(1, 1, 'FAN', 'https://innowity.com/mrmaintanance/images/fan_image.jpg', 'YES', '2019-10-10'),
(2, 1, 'LIGHT', 'https://innowity.com/mrmaintanance/images/fan_image.jpg', 'YES', '2019-10-10'),
(3, 1, 'WATER HEATER', 'https://innowity.com/mrmaintanance/images/fan_image.jpg', 'YES', '2019-10-10'),
(4, 1, 'SWITCH', 'https://innowity.com/mrmaintanance/images/fan_image.jpg', 'YES', '2019-10-10'),
(5, 2, 'PIPE', 'https://innowity.com/mrmaintanance/images/fan_image.jpg', 'YES', '2019-10-10'),
(6, 2, 'VALVE', 'https://innowity.com/mrmaintanance/images/fan_image.jpg', 'YES', '2019-10-10'),
(7, 2, 'WATER METER', 'https://innowity.com/mrmaintanance/images/fan_image.jpg', 'YES', '2019-10-10'),
(8, 2, 'WATER PUMP', 'https://innowity.com/mrmaintanance/images/fan_image.jpg', 'YES', '2019-10-10'),
(9, 3, 'CEMENT WORK', 'https://innowity.com/mrmaintanance/images/fan_image.jpg', 'YES', '2019-10-10'),
(10, 3, 'PATCH WORK', 'https://innowity.com/mrmaintanance/images/fan_image.jpg', 'YES', '2019-10-10'),
(11, 3, 'FLOOR TILES WORK', 'https://innowity.com/mrmaintanance/images/fan_image.jpg', 'YES', '2019-10-10'),
(12, 3, 'WALL TILES WORK', 'https://innowity.com/mrmaintanance/images/fan_image.jpg', 'YES', '2019-10-10'),
(13, 4, 'HOUSE PAINTING', 'https://innowity.com/mrmaintanance/images/fan_image.jpg', 'YES', '2019-10-10'),
(14, 5, 'AC complete check up', 'https://innowity.com/mrmaintanance/images/fan_image.jpg', 'YES', '2019-10-10'),
(15, 6, 'washing machine complete check up', 'https://innowity.com/mrmaintanance/images/fan_image.jpg', 'YES', '2019-10-10'),
(16, 7, 'complete installation of CCTV', 'https://innowity.com/mrmaintanance/images/fan_image.jpg', 'YES', '2019-10-10'),
(17, 1, 'GENERAL', 'https://innowity.com/mrmaintanance/images/all-categories.jpg', 'YES', '2019-10-10'),
(18, 2, 'GENERAL', 'https://innowity.com/mrmaintanance/images/all-categories.jpg', 'YES', '2019-10-10'),
(19, 3, 'GENERAL', 'https://innowity.com/mrmaintanance/images/all-categories.jpg', 'YES', '2019-10-10'),
(20, 4, 'GENERAL', 'https://innowity.com/mrmaintanance/images/all-categories.jpg', 'YES', '2019-10-10'),
(21, 5, 'GENERAL', 'https://innowity.com/mrmaintanance/images/all-categories.jpg', 'YES', '2019-10-10'),
(22, 6, 'GENERAL', 'https://innowity.com/mrmaintanance/images/all-categories.jpg', 'YES', '2019-10-10'),
(23, 7, 'GENERAL', 'https://innowity.com/mrmaintanance/images/all-categories.jpg', 'YES', '2019-10-10');

-- --------------------------------------------------------

--
-- Table structure for table `user`
--

CREATE TABLE `user` (
  `id` int(11) NOT NULL,
  `fcm_id` varchar(1000) DEFAULT NULL,
  `account_status` enum('ACTIVE','INACTIVE','BLOCKED') NOT NULL DEFAULT 'ACTIVE',
  `reg_no` varchar(255) NOT NULL,
  `user_address_id` int(10) DEFAULT NULL,
  `name` varchar(255) DEFAULT NULL,
  `email` varchar(255) DEFAULT NULL,
  `country_code` int(11) DEFAULT NULL,
  `cell` varchar(20) DEFAULT NULL,
  `gender` varchar(10) DEFAULT NULL,
  `joined_date` timestamp NOT NULL DEFAULT CURRENT_TIMESTAMP,
  `is_referal_user` tinyint(4) DEFAULT '0',
  `is_referal_code` varchar(255) DEFAULT NULL,
  `is_refered_by` int(11) DEFAULT NULL,
  `is_register_complete` tinyint(1) NOT NULL DEFAULT '0',
  `referral_code` varchar(20) DEFAULT NULL
) ENGINE=InnoDB DEFAULT CHARSET=latin1;

--
-- Dumping data for table `user`
--

INSERT INTO `user` (`id`, `fcm_id`, `account_status`, `reg_no`, `user_address_id`, `name`, `email`, `country_code`, `cell`, `gender`, `joined_date`, `is_referal_user`, `is_referal_code`, `is_refered_by`, `is_register_complete`, `referral_code`) VALUES
(22, NULL, 'ACTIVE', '9782302871568619643', NULL, 'Test Name', NULL, 0, '9555555555', NULL, '2019-10-09 05:03:00', 0, NULL, NULL, 0, NULL),
(24, NULL, 'ACTIVE', '18786008771568697713', 1, 'Smarther', 'smarther@123.com', 91, '9600123456', 'MALE', '2019-10-09 05:03:00', 0, '', NULL, 2, 'b4ce7914d0'),
(26, NULL, 'ACTIVE', '6143363171568703651', NULL, 'Thanusssssss', 'test@test.com', 91, '9888888888', NULL, '2019-10-09 05:03:00', 0, '5745', NULL, 2, NULL),
(29, 'e3N3kOaXLLc:APA91bGaVnhpsiafHnoLLL6QixX1fJLTeLB96h22vDnGcwyqJFzojWZKV5-RZikflnEZbJ3fq2oL_aKtgQIDmkr02XedcJ4iHqeJEe3YYIElIO9Hn8KtB_vq4yakQ9_tnP_h0yU7N7ZH', 'ACTIVE', '3279529891568717682', 136, 'new user', 'as@g.com', 91, '9666666666', 'Male', '2019-10-09 05:03:00', 0, 'twgh78', NULL, 2, NULL),
(30, NULL, 'ACTIVE', '20505912381568717766', NULL, 'Thanu', 'thanu@gmail.com', 91, '9444444444', NULL, '2019-10-09 05:03:00', 0, '', NULL, 0, NULL),
(62, NULL, 'ACTIVE', '', NULL, 'new', 'a@g.com', 91, '9487654321', 'Female', '2019-10-10 06:20:47', 0, '', NULL, 2, 'f48cac9c93'),
(63, NULL, 'ACTIVE', '', NULL, 'new', 'a@g.com', 91, '9876543210', 'Male', '2019-10-10 08:00:28', 0, '', NULL, 2, '0f5e58ddea'),
(65, NULL, 'ACTIVE', '', NULL, 'Smarther', 'smarther@123.com', 91, '9988776644', 'MALE', '2019-10-10 10:59:04', 0, '', NULL, 2, '1dcbba3ab6'),
(66, NULL, 'ACTIVE', '', NULL, 'new', 'new@g.com', 91, '9123456789', 'Male', '2019-10-12 08:13:16', 0, '', NULL, 2, '8b999cd6d8'),
(67, NULL, 'ACTIVE', '', NULL, 'find', 's@g.com', 91, '9630852741', 'Male', '2019-10-12 08:56:49', 0, '', NULL, 2, '3de71e2e0b'),
(68, NULL, 'ACTIVE', '', NULL, 'Ganapathy ', 'smarthersm28@gmail.com', 91, '9940344422', 'Male', '2019-10-12 10:40:14', 0, '', NULL, 2, 'b0a1fd3d88'),
(73, NULL, 'ACTIVE', '', NULL, 'new user ', 'new@gmaio.com', 91, '7777777777', 'Male', '2019-10-14 10:06:50', 0, '', NULL, 1, 'f509163b00'),
(77, NULL, 'ACTIVE', '', 98, 'Smarther', 'smarther@123.com', 91, '9797979797', 'MALE', '2019-10-14 11:09:18', 0, 'abc123', NULL, 2, 'd6542f9d44'),
(81, NULL, 'ACTIVE', '', NULL, 'Rameena', 'rameena@gmail.com', 91, '', '', '2019-10-14 14:09:26', 0, '', NULL, 2, 'ae078203ba'),
(82, NULL, 'ACTIVE', '', NULL, 'Smarther', 'smarther@123.com', 91, '9600123456', 'MALE', '2019-10-14 14:57:15', 0, '', NULL, 1, 'e3be71b651'),
(83, NULL, 'ACTIVE', '', NULL, 'Thanu', 'thanu@gmail.com', 91, '', '', '2019-10-14 15:11:31', 0, '', NULL, 1, '27668376c6'),
(84, NULL, 'ACTIVE', '', NULL, NULL, NULL, 91, '9797979797', NULL, '2019-10-14 15:12:27', 0, NULL, NULL, 0, '7ecd248cfa'),
(85, NULL, 'ACTIVE', '', NULL, 'Smarther', 'smarther@123.com', 91, '9600123456', 'MALE', '2019-10-14 15:14:53', 0, '', NULL, 2, 'df5bdb5d49'),
(86, NULL, 'ACTIVE', '', NULL, NULL, NULL, 91, '9894617893', NULL, '2019-10-14 15:15:46', 0, NULL, NULL, 0, 'c42af279f2'),
(87, NULL, 'ACTIVE', '', NULL, NULL, NULL, 91, '9898989898', NULL, '2019-10-14 15:19:01', 0, NULL, NULL, 0, '6ef6b9e076'),
(88, NULL, 'ACTIVE', '', NULL, NULL, NULL, 91, '7777777777', NULL, '2019-10-15 05:55:48', 0, NULL, NULL, 0, 'dd122d3023'),
(89, 'f9G95WdKOao:APA91bE1E3__6UWUfQh9tkEeBro0mYl7AGjft6ZBdKBAEM-8lCfDY0nwZxdBYOPg4aKEsMYSi8lAMXVJTK5-jQ9oRjaTCqjmLlboUliTd0G12za0I73B6n0PKdNAHl_IbjCYZS7TOdDB', 'ACTIVE', '', 135, 'new user', 'newuser@gmail.com', 91, '9999999999', 'Male', '2019-10-15 06:00:40', 0, '', NULL, 2, '0c1424316c'),
(90, NULL, 'ACTIVE', '', NULL, 'Smarther', 'smarther@123.com', 91, '9999988887', 'MALE', '2019-10-15 06:34:16', 0, 'abc123', NULL, 2, '759787dd4b'),
(93, NULL, 'ACTIVE', '', NULL, NULL, NULL, 91, '9988776655', NULL, '2019-10-15 08:41:50', 0, NULL, NULL, 0, '488b9ae8ae'),
(94, NULL, 'ACTIVE', '', NULL, NULL, NULL, 91, '8888888888', NULL, '2019-10-15 10:05:28', 0, NULL, NULL, 0, '1b9bc1ff6b'),
(95, 'eHyvUcAm5gk:APA91bEnT-tpZ7Yus-xuZMFNbr7eMa7u5D1b4L20dMQHCl9fdLQvxB_9digK0CN0bwrQcmFg3gtkbJ5t87LN9inu8I5F8D8cgtPeNfrJ4tQ9r6iXP7neUN9ydD3FCjrddhkK6tG5QXQZ', 'ACTIVE', '', NULL, 'kak', 'shjdjdj', 91, '6666666666', 'Male', '2019-10-15 11:31:27', 0, '', NULL, 2, '798bb99094'),
(96, NULL, 'ACTIVE', '', NULL, NULL, NULL, 91, '9696969696', NULL, '2019-10-15 11:32:33', 0, NULL, NULL, 0, '990d3c9022'),
(97, NULL, 'ACTIVE', '', NULL, 'Anirudh', 'anirudh@gmail.com', 91, '', '', '2019-10-16 08:32:12', 0, '', NULL, 2, 'cef47765ba'),
(98, NULL, 'ACTIVE', '', NULL, 'Meena', 'meena@gmail.com', 91, '', '', '2019-10-16 08:34:34', 0, '', NULL, 2, '6ea328a48b'),
(99, NULL, 'ACTIVE', '', NULL, 'Thanu', 'thanu@gmail.com', 91, '', '', '2019-10-16 08:38:06', 0, '', NULL, 2, 'f615bdf76e'),
(100, NULL, 'ACTIVE', '', NULL, 'Thanu', 'thanu@gmail.com', 91, '', '', '2019-10-16 08:42:00', 0, '', NULL, 2, '2c118ea372'),
(101, NULL, 'ACTIVE', '', NULL, 'Smarther', 'smarther@123.com', 91, '7777777577', 'MALE', '2019-10-16 09:38:22', 0, 'abc123', NULL, 1, '83888c8c15'),
(102, NULL, 'ACTIVE', '', NULL, 'Dhaulagiri', 'dhanu@gmail.com', 91, '', '', '2019-10-16 10:12:10', 0, '', NULL, 2, '6b4ce4466b'),
(103, NULL, 'ACTIVE', '', NULL, 'hdgffgdgf', 'gdsg@gmail.com', 91, '', '', '2019-10-16 10:14:14', 0, '', NULL, 2, '028a403790'),
(104, NULL, 'ACTIVE', '', NULL, 'Saran', 'saran@gmail.com', 91, '', '', '2019-10-16 10:56:26', 0, '', NULL, 2, '0b4637b611'),
(105, NULL, 'ACTIVE', '', NULL, 'Gregg', 'fgdsgf@gmail.com', 91, '', '', '2019-10-16 10:58:13', 0, '', NULL, 2, '6a1e3ebec3'),
(106, NULL, 'ACTIVE', '', NULL, 'RAMEENA', 'rameena@gmail.com', 91, '', '', '2019-10-16 13:06:52', 0, '', NULL, 2, '04697882ca'),
(107, NULL, 'ACTIVE', '', NULL, 'RAMEENA', 'rameena@gmail.com', 91, '', '', '2019-10-16 13:09:58', 0, '', NULL, 2, '8bf1ac10a1'),
(108, NULL, 'ACTIVE', '', NULL, 'gf', 'fdsf@gmail.com', 91, '', '', '2019-10-16 13:14:23', 0, '', NULL, 2, '75e8be2158'),
(109, NULL, 'ACTIVE', '', NULL, 'Haro', 'hari@gmail.com', 91, '', '', '2019-10-16 13:19:49', 0, '', NULL, 2, '4d89cbb89c'),
(110, NULL, 'ACTIVE', '', NULL, NULL, NULL, 91, '9790883849', NULL, '2019-10-16 13:21:05', 0, NULL, NULL, 0, 'c99294b485'),
(111, NULL, 'ACTIVE', '', NULL, 'new', 'user@gmail.co', 91, '9874561230', 'Male', '2019-10-16 13:33:36', 0, '', NULL, 1, 'b2e71f4e9d'),
(112, NULL, 'ACTIVE', '', NULL, NULL, NULL, 91, '9874561230', NULL, '2019-10-16 13:35:23', 0, NULL, NULL, 0, 'd81fc7c180'),
(113, NULL, 'ACTIVE', '', NULL, NULL, NULL, 91, '9874661230', NULL, '2019-10-16 13:36:43', 0, NULL, NULL, 0, 'a4332bbe82'),
(114, NULL, 'ACTIVE', '', NULL, 'Ani', 'ani@gmail.com', 91, '9333333333', 'Male', '2019-10-16 13:57:10', 0, '', NULL, 2, '656b9dc3cc'),
(115, NULL, 'ACTIVE', '', NULL, NULL, NULL, 91, '9111100000', NULL, '2019-10-16 13:58:04', 0, NULL, NULL, 0, '7c31aa9348'),
(116, 'abcd1234', 'ACTIVE', '', NULL, 'Smarther', 'smarther@123.com', 91, '9800098000', 'MALE', '2019-10-16 14:10:37', 0, '', NULL, 2, 'b1c9a58d68'),
(117, NULL, 'ACTIVE', '', NULL, 'hshas', 'gsagsa@gmail.com', 91, '', '', '2019-10-16 14:47:56', 0, '', NULL, 1, '8349e9fa80'),
(118, NULL, 'ACTIVE', '', NULL, 'hshas', 'gsagsa@gmail.com', 91, '', '', '2019-10-16 14:59:41', 0, '', NULL, 1, '3e6548f9de'),
(119, NULL, 'ACTIVE', '', NULL, NULL, NULL, 91, '9222222222', NULL, '2019-10-16 15:08:53', 0, NULL, NULL, 0, '83c1a14a6c'),
(120, NULL, 'ACTIVE', '', NULL, 'ghfhg', 'ghfhg@gmail.com', 91, '', '', '2019-10-16 15:18:35', 0, 'gfhdh', NULL, 2, '3c6a42603b'),
(121, NULL, 'ACTIVE', '', NULL, NULL, NULL, 91, '9494949494', NULL, '2019-10-16 15:21:54', 0, NULL, NULL, 0, '624882e06c'),
(122, NULL, 'ACTIVE', '', NULL, 'Smarther', 'smarther@123.com', 91, '9500255797', 'MALE', '2019-10-16 15:22:36', 0, '', NULL, 1, '6d3c4bad39'),
(123, NULL, 'ACTIVE', '', NULL, 'Smarther', 'smarther@123.com', 91, '9500255777', '', '2019-10-16 15:24:02', 0, '', NULL, 1, '79db2200db'),
(124, NULL, 'ACTIVE', '', NULL, NULL, NULL, 91, '6000000000', NULL, '2019-10-17 05:51:53', 0, NULL, NULL, 0, '18564e08a8'),
(125, NULL, 'ACTIVE', '', NULL, NULL, NULL, 91, '9444455555', NULL, '2019-10-17 06:16:41', 0, NULL, NULL, 0, '737b0c1d78'),
(126, NULL, 'ACTIVE', '', NULL, 'fgdgf', 'grad@gmail.com', 91, '9777777777', 'Female', '2019-10-17 12:56:28', 0, '', NULL, 2, 'a3836d41a4'),
(127, NULL, 'ACTIVE', '', NULL, 'Rameena', 'rameena@gmail.com', 91, '9500255798', 'Female', '2019-10-17 13:55:50', 0, 'FIRST', NULL, 2, 'e17aee42ff'),
(128, NULL, 'ACTIVE', '', NULL, 'did', 'dsfgsdfg@gmail.com', 91, '9554665454', 'Male', '2019-10-17 14:04:03', 0, '', NULL, 2, '9faf19df52'),
(129, NULL, 'ACTIVE', '', NULL, 'Smarther', 'smarther@123.com', 91, '9554665459', 'MALE', '2019-10-17 14:14:18', 0, 'abc123', NULL, 2, 'cefdf73891'),
(130, NULL, 'ACTIVE', '', NULL, 'Smarther', 'smarther@123.com', 91, '9554665559', 'MALE', '2019-10-17 14:15:53', 0, 'abc123', NULL, 2, '9aeb0debe7'),
(131, '', 'ACTIVE', '', 128, 'Rameena', 'rameena@gmail.com', 91, '9787249591', 'Female', '2019-10-18 06:02:34', 0, '', NULL, 2, '416940098e'),
(132, 'abcd1234', 'ACTIVE', '', NULL, NULL, NULL, 91, '9700097000', NULL, '2019-11-04 14:27:30', 0, NULL, NULL, 0, '7239f57bcb');

-- --------------------------------------------------------

--
-- Table structure for table `user_address`
--

CREATE TABLE `user_address` (
  `id` int(11) NOT NULL,
  `user_id` int(11) NOT NULL,
  `location` varchar(5000) DEFAULT NULL,
  `address` varchar(5000) NOT NULL,
  `latitude` decimal(20,8) DEFAULT NULL,
  `longitude` decimal(20,8) DEFAULT NULL,
  `zone_id` int(5) DEFAULT NULL,
  `added` date DEFAULT NULL
) ENGINE=InnoDB DEFAULT CHARSET=latin1;

--
-- Dumping data for table `user_address`
--

INSERT INTO `user_address` (`id`, `user_id`, `location`, `address`, `latitude`, `longitude`, `zone_id`, `added`) VALUES
(1, 24, '2nd Main road, Medavakkam, Chennai - 100', 'Flat No: 12, 34th street, 2nd Main Road, Medavakkam, Chennai - 600100 near Reliance Digital', '12.91710000', '80.19230000', 1, '2019-09-17'),
(40, 24, '1st Main Road, Medavakkam, Chennai', '123, 34 street, 68 Nagar, Chennai', '12.91710000', '80.19230000', 4, '2019-10-07'),
(59, 65, '9th Main Road, medavakkam koot road, Chennai', '123, 34 street, 68 Nagar, Chennai', '12.91710000', '80.19230000', 3, NULL),
(67, 66, ',', 'IIIrd Floor 87, Radha Nagar, Ist Main Road Perumbakkum, Chennai, Tamil Nadu 600100, India', '12.90899980', '0.00000000', 1, NULL),
(68, 67, '45,reliance digital', 'IIIrd Floor 87, Radha Nagar, Ist Main Road Perumbakkum, Chennai, Tamil Nadu 600100, India', '12.90900050', '0.00000000', 1, NULL),
(69, 68, ',', 'IIIrd Floor 87, Radha Nagar, Ist Main Road Perumbakkum, Chennai, Tamil Nadu 600100, India', '12.90899980', '0.00000000', 1, NULL),
(74, 73, '60,near phoenix mall', 'IIIrd Floor 87, Radha Nagar, Ist Main Road Perumbakkum, Chennai, Tamil Nadu 600100, India', '12.90900000', '0.00000000', 1, NULL),
(75, 73, '89,near temple', 'IIIrd Floor 87, Radha Nagar, Ist Main Road Perumbakkum, Chennai, Tamil Nadu 600100, India', '12.90899900', '0.00000000', 1, NULL),
(82, 24, '6th Main Road, Medavakkam, Chennai', '123, 34 street, 68 Nagar, Chennai', '12.91710000', '80.19230000', 1, NULL),
(88, 24, '44th Main Road, Medavakkam, Chennai', '123, 34 street, 68 Nagar, Chennai', '12.91710000', '80.19230000', 1, NULL),
(90, 24, '49th Main Road, Medavakkam, Chennai', '123, 34 street, 68 Nagar, Chennai', '12.91710000', '80.19230000', 1, NULL),
(91, 24, '9th Main Road, pery, Chennai', '123, 34 street, 68 Nagar, Chennai', '12.91710000', '80.19230000', 1, NULL),
(92, 81, '', 'Medavakkam', '12.91714270', '80.19234890', 1, NULL),
(93, 24, '9th Main Road, Medavakkam, Chennai', '123, 34 street, 68 Nagar, Chennai', '13.91710000', '80.19230000', 1, NULL),
(94, 89, ',', 'IIIrd Floor 87, Radha Nagar, Ist Main Road Perumbakkum, Chennai, Tamil Nadu 600100, India', '12.90899120', '0.00000000', 1, NULL),
(95, 89, ',', 'IIIrd Floor 87, Radha Nagar, Ist Main Road Perumbakkum, Chennai, Tamil Nadu 600100, India', '12.90899830', '0.00000000', 1, NULL),
(96, 90, '49th Main Road, Medavakkam, Chennai', '123, 34 street, 68 Nagar, Chennai', '12.91710000', '80.19230000', 1, NULL),
(97, 90, '49 th Main Road, Medavakkam, Chennai', '123, 34 street, 68 Nagar, Chennai', '12.91710000', '80.19230000', 1, NULL),
(98, 77, '', 'Medavakkam', '12.91714270', '80.19234890', 1, NULL),
(99, 85, '49 th Main Road, Medavakkam, Chennai', '123, 34 street, 68 Nagar, Chennai', '12.91710000', '80.19230000', 1, NULL),
(100, 85, '9 th Main Road, Medavakkam, Chennai', '123, 34 street, 68 Nagar, Chennai', '12.91710000', '80.19230000', 1, NULL),
(101, 85, '9th Main Road, Medavakkam, Chennai', '123, 34 street, 68 Nagar, Chennai', '12.91710000', '80.19230000', 1, NULL),
(102, 95, ',', 'IIIrd Floor 87, Radha Nagar, Ist Main Road Perumbakkum, Chennai, Tamil Nadu 600100, India', '12.90899570', '0.00000000', 1, NULL),
(103, 89, 'Perumbakkam, Chennai', 'IIIrd Floor 87, Radha Nagar, Ist Main Road Perumbakkum, Chennai, Tamil Nadu 600100, India', '12.90899970', '80.19230000', 1, NULL),
(104, 97, '', 'Medavakkam', '12.91714270', '80.19234890', 1, NULL),
(105, 98, '', 'Medavakkam Main Road', '12.94570740', '80.18323740', 1, NULL),
(106, 99, '', 'Medavakkam Bus Stop', '12.92098760', '80.18535730', 1, NULL),
(107, 100, '', 'Medavakkam', '12.91714270', '80.19234890', 1, NULL),
(108, 102, '', 'Medavakkam', '12.91714270', '80.19234890', 1, NULL),
(109, 103, '', 'Medavakkam', '12.91714270', '80.19234890', 1, NULL),
(110, 104, '', 'Medavakkam Bus Stop', '12.92098760', '80.18535730', 1, NULL),
(111, 105, '', 'Medavakkam', '12.91714270', '80.19234890', 1, NULL),
(112, 106, '', 'Medavakkam', '12.91714270', '80.19234890', 1, NULL),
(113, 107, '', 'Medavakkam', '12.91714270', '80.19234890', 1, NULL),
(114, 108, '', 'Medavakkam', '12.91714270', '80.19234890', 1, NULL),
(115, 109, '', 'Medavakkam', '12.91714270', '80.19234890', 1, NULL),
(116, 89, '50,near reliance digital', 'IIIrd Floor 87, Radha Nagar, Ist Main Road Perumbakkum, Chennai, Tamil Nadu 600100, India', '12.90900140', '0.00000000', 1, NULL),
(117, 120, '', 'Medavakkam', '12.91714270', '80.19234890', 1, NULL),
(119, 89, ',', 'Ayyavu St, Lingam Nagar, Mudichur, Tamil Nadu 600048, India', '12.90929190', '0.00000000', 1, NULL),
(120, 126, '', 'Medavakkam', '12.91714270', '80.19234890', 1, NULL),
(121, 127, '', 'Medavakkam Main Road', '12.94570740', '80.18323740', 1, NULL),
(122, 114, '', 'Medanta -The Medicity', '28.43950160', '77.04083370', 1, NULL),
(123, 128, '34Near Reliance Digital', 'Medavakkam', '12.91714270', '80.19234890', 1, NULL),
(124, 128, '9th Main Road, Medavakkam, Chennai', '123, 34 street, 68 Nagar, Chennai', '12.91710000', '80.19230000', 1, NULL),
(125, 129, '9th Main Road, Perumbakkam, Chennai', '123, 34 street, 68 Nagar, Chennai', '12.91710000', '80.19230000', 1, NULL),
(126, 130, '9th Main Road, Perumbakkam, Chennai', '123, 34 street, 68 Nagar, Chennai', '12.91710000', '80.19230000', 1, NULL),
(128, 131, '', 'Medavakkam', '2.88000000', '6.44000000', 1, NULL),
(129, 131, 'sgdsg', 'Medavakkam', '2.88000000', '6.44000000', 1, NULL),
(130, 131, '50Near Reliance Digital', 'Pudhu nagar', '2.88000000', '6.44000000', 1, NULL),
(131, 131, '50Near Kriya Clinic', 'Manavalan Nagar', '2.88000000', '6.44000000', 1, NULL),
(132, 131, '5Chennai', 'Medavakkam', '2.88000000', '6.44000000', 1, NULL),
(133, 131, '50Reliance Digital', 'Medavakkam', '2.88000000', '6.44000000', 1, NULL),
(134, 131, 'afsadf', 'Sikhssacfs', '2.88000000', '6.44000000', 1, NULL),
(135, 89, 'jjjd,\n\n\njfkkf', 'Third Floor, 87, Radha Nagar Ist Main Road Perumbakkam, Medavakkam, Chennai, Tamil Nadu 600100, India', '12.90899260', '0.00000000', 1, NULL),
(136, 29, ',', 'Third Floor, 87, Radha Nagar Ist Main Road Perumbakkam, Medavakkam, Chennai, Tamil Nadu 600100, India', '12.90900030', '0.00000000', 3, NULL);

-- --------------------------------------------------------

--
-- Table structure for table `user_wallet`
--

CREATE TABLE `user_wallet` (
  `id` int(50) NOT NULL,
  `user_id` int(20) DEFAULT NULL,
  `amount` int(20) NOT NULL DEFAULT '0',
  `booking_id` int(20) DEFAULT NULL,
  `type` enum('credit','debit') DEFAULT NULL,
  `description` varchar(5000) DEFAULT NULL
) ENGINE=InnoDB DEFAULT CHARSET=latin1;

--
-- Dumping data for table `user_wallet`
--

INSERT INTO `user_wallet` (`id`, `user_id`, `amount`, `booking_id`, `type`, `description`) VALUES
(1, 24, 100, NULL, 'credit', 'This is from referral'),
(2, 24, 10, NULL, 'debit', 'reduced for this reason bla bla'),
(6, 24, 90, 161019008, 'debit', 'Debited for booking ID : 161019008');

-- --------------------------------------------------------

--
-- Table structure for table `zones`
--

CREATE TABLE `zones` (
  `id` int(10) NOT NULL,
  `name` varchar(500) DEFAULT NULL
) ENGINE=InnoDB DEFAULT CHARSET=latin1;

--
-- Dumping data for table `zones`
--

INSERT INTO `zones` (`id`, `name`) VALUES
(1, 'Tambaram - 600045'),
(2, 'Perungalathur - 600052'),
(3, 'Velachery - 600100'),
(4, 'Medavakkam - 600150'),
(5, 'Guindy - 600080');

--
-- Indexes for dumped tables
--

--
-- Indexes for table `admin`
--
ALTER TABLE `admin`
  ADD PRIMARY KEY (`id`);

--
-- Indexes for table `available_slot`
--
ALTER TABLE `available_slot`
  ADD PRIMARY KEY (`id`),
  ADD KEY `emp_id` (`emp_id`),
  ADD KEY `slot_id` (`slot_id`),
  ADD KEY `zone_id` (`zone_id`);

--
-- Indexes for table `banks`
--
ALTER TABLE `banks`
  ADD PRIMARY KEY (`id`);

--
-- Indexes for table `banners`
--
ALTER TABLE `banners`
  ADD PRIMARY KEY (`id`);

--
-- Indexes for table `booking`
--
ALTER TABLE `booking`
  ADD PRIMARY KEY (`id`),
  ADD KEY `slot_id` (`slot_id`),
  ADD KEY `user_id` (`user_id`),
  ADD KEY `emp_id` (`emp_id`),
  ADD KEY `booking_ibfk_2` (`user_address_id`),
  ADD KEY `home_category_id` (`home_category_id`);

--
-- Indexes for table `booking_address`
--
ALTER TABLE `booking_address`
  ADD PRIMARY KEY (`id`);

--
-- Indexes for table `booking_item`
--
ALTER TABLE `booking_item`
  ADD PRIMARY KEY (`id`),
  ADD KEY `booking_id` (`booking_id`),
  ADD KEY `product_id` (`product_id`);

--
-- Indexes for table `booking_item_23`
--
ALTER TABLE `booking_item_23`
  ADD PRIMARY KEY (`id`),
  ADD KEY `booking_id` (`booking_id`),
  ADD KEY `main_category_id` (`main_category_id`),
  ADD KEY `slot_id` (`slot_id`),
  ADD KEY `emp_id` (`emp_id`),
  ADD KEY `user_address_id` (`user_address_id`),
  ADD KEY `main_category_id_chosen` (`main_category_id_chosen`);

--
-- Indexes for table `cart`
--
ALTER TABLE `cart`
  ADD PRIMARY KEY (`id`),
  ADD KEY `user_id` (`user_id`),
  ADD KEY `user_address_id` (`user_address_id`),
  ADD KEY `slot_id` (`slot_id`),
  ADD KEY `home_category_id` (`home_category_id`);

--
-- Indexes for table `cart_item`
--
ALTER TABLE `cart_item`
  ADD PRIMARY KEY (`id`),
  ADD KEY `cart_id` (`cart_id`),
  ADD KEY `product_id` (`product_id`),
  ADD KEY `main_category_id` (`main_category_id`),
  ADD KEY `main_category_id_chosen` (`main_category_id_chosen`);

--
-- Indexes for table `coupon`
--
ALTER TABLE `coupon`
  ADD PRIMARY KEY (`id`);

--
-- Indexes for table `declaration`
--
ALTER TABLE `declaration`
  ADD PRIMARY KEY (`id`);

--
-- Indexes for table `employee`
--
ALTER TABLE `employee`
  ADD PRIMARY KEY (`id`),
  ADD KEY `zone_id` (`zone_id`);

--
-- Indexes for table `employee_account_details`
--
ALTER TABLE `employee_account_details`
  ADD PRIMARY KEY (`id`),
  ADD KEY `emp_id` (`emp_id`),
  ADD KEY `bank_id` (`bank_id`);

--
-- Indexes for table `help_center_qa`
--
ALTER TABLE `help_center_qa`
  ADD PRIMARY KEY (`id`),
  ADD KEY `help_id` (`help_id`);

--
-- Indexes for table `help_center_title`
--
ALTER TABLE `help_center_title`
  ADD PRIMARY KEY (`id`);

--
-- Indexes for table `home_categories`
--
ALTER TABLE `home_categories`
  ADD PRIMARY KEY (`id`);

--
-- Indexes for table `main_categories`
--
ALTER TABLE `main_categories`
  ADD PRIMARY KEY (`id`),
  ADD KEY `home_category_id` (`home_category_id`);

--
-- Indexes for table `otp`
--
ALTER TABLE `otp`
  ADD PRIMARY KEY (`id`);

--
-- Indexes for table `products`
--
ALTER TABLE `products`
  ADD PRIMARY KEY (`id`),
  ADD KEY `category_id` (`category_id`);

--
-- Indexes for table `rate_card`
--
ALTER TABLE `rate_card`
  ADD PRIMARY KEY (`id`),
  ADD KEY `sub_category_id` (`sub_category_id`);

--
-- Indexes for table `rate_visits`
--
ALTER TABLE `rate_visits`
  ADD PRIMARY KEY (`id`),
  ADD KEY `main_category_id` (`main_category_id`);

--
-- Indexes for table `reviews`
--
ALTER TABLE `reviews`
  ADD PRIMARY KEY (`id`),
  ADD KEY `cat_id` (`main_category_id`),
  ADD KEY `user_id` (`user_name`),
  ADD KEY `booking_id` (`booking_id`),
  ADD KEY `emp_id` (`emp_id`),
  ADD KEY `visit_id` (`visit_id`);

--
-- Indexes for table `servicer_credit_history`
--
ALTER TABLE `servicer_credit_history`
  ADD PRIMARY KEY (`id`),
  ADD KEY `emp_id` (`emp_id`),
  ADD KEY `type2_booking_id` (`type2_booking_id`);

--
-- Indexes for table `servicer_packages`
--
ALTER TABLE `servicer_packages`
  ADD PRIMARY KEY (`id`);

--
-- Indexes for table `slot`
--
ALTER TABLE `slot`
  ADD PRIMARY KEY (`id`);

--
-- Indexes for table `subscription`
--
ALTER TABLE `subscription`
  ADD PRIMARY KEY (`id`);

--
-- Indexes for table `sub_categories`
--
ALTER TABLE `sub_categories`
  ADD PRIMARY KEY (`id`),
  ADD KEY `main_category_id` (`main_category_id`);

--
-- Indexes for table `user`
--
ALTER TABLE `user`
  ADD PRIMARY KEY (`id`),
  ADD KEY `user_address_id` (`user_address_id`);

--
-- Indexes for table `user_address`
--
ALTER TABLE `user_address`
  ADD PRIMARY KEY (`id`),
  ADD KEY `user_id` (`user_id`),
  ADD KEY `zone_id` (`zone_id`);

--
-- Indexes for table `user_wallet`
--
ALTER TABLE `user_wallet`
  ADD PRIMARY KEY (`id`),
  ADD KEY `user_id` (`user_id`),
  ADD KEY `booking_id` (`booking_id`);

--
-- Indexes for table `zones`
--
ALTER TABLE `zones`
  ADD PRIMARY KEY (`id`);

--
-- AUTO_INCREMENT for dumped tables
--

--
-- AUTO_INCREMENT for table `admin`
--
ALTER TABLE `admin`
  MODIFY `id` int(20) NOT NULL AUTO_INCREMENT, AUTO_INCREMENT=2;

--
-- AUTO_INCREMENT for table `available_slot`
--
ALTER TABLE `available_slot`
  MODIFY `id` int(11) NOT NULL AUTO_INCREMENT, AUTO_INCREMENT=247;

--
-- AUTO_INCREMENT for table `banks`
--
ALTER TABLE `banks`
  MODIFY `id` int(20) NOT NULL AUTO_INCREMENT, AUTO_INCREMENT=11;

--
-- AUTO_INCREMENT for table `banners`
--
ALTER TABLE `banners`
  MODIFY `id` int(11) NOT NULL AUTO_INCREMENT, AUTO_INCREMENT=3;

--
-- AUTO_INCREMENT for table `booking`
--
ALTER TABLE `booking`
  MODIFY `id` int(50) NOT NULL AUTO_INCREMENT, AUTO_INCREMENT=311019004;

--
-- AUTO_INCREMENT for table `booking_address`
--
ALTER TABLE `booking_address`
  MODIFY `id` int(11) NOT NULL AUTO_INCREMENT;

--
-- AUTO_INCREMENT for table `booking_item`
--
ALTER TABLE `booking_item`
  MODIFY `id` int(10) NOT NULL AUTO_INCREMENT, AUTO_INCREMENT=109;

--
-- AUTO_INCREMENT for table `booking_item_23`
--
ALTER TABLE `booking_item_23`
  MODIFY `id` int(20) NOT NULL AUTO_INCREMENT, AUTO_INCREMENT=370;

--
-- AUTO_INCREMENT for table `cart`
--
ALTER TABLE `cart`
  MODIFY `id` int(11) NOT NULL AUTO_INCREMENT, AUTO_INCREMENT=456;

--
-- AUTO_INCREMENT for table `cart_item`
--
ALTER TABLE `cart_item`
  MODIFY `id` int(10) NOT NULL AUTO_INCREMENT, AUTO_INCREMENT=555;

--
-- AUTO_INCREMENT for table `coupon`
--
ALTER TABLE `coupon`
  MODIFY `id` int(11) NOT NULL AUTO_INCREMENT, AUTO_INCREMENT=4;

--
-- AUTO_INCREMENT for table `declaration`
--
ALTER TABLE `declaration`
  MODIFY `id` int(5) NOT NULL AUTO_INCREMENT, AUTO_INCREMENT=2;

--
-- AUTO_INCREMENT for table `employee`
--
ALTER TABLE `employee`
  MODIFY `id` int(11) NOT NULL AUTO_INCREMENT, AUTO_INCREMENT=65;

--
-- AUTO_INCREMENT for table `employee_account_details`
--
ALTER TABLE `employee_account_details`
  MODIFY `id` int(20) NOT NULL AUTO_INCREMENT, AUTO_INCREMENT=4;

--
-- AUTO_INCREMENT for table `help_center_qa`
--
ALTER TABLE `help_center_qa`
  MODIFY `id` int(20) NOT NULL AUTO_INCREMENT, AUTO_INCREMENT=10;

--
-- AUTO_INCREMENT for table `help_center_title`
--
ALTER TABLE `help_center_title`
  MODIFY `id` int(20) NOT NULL AUTO_INCREMENT, AUTO_INCREMENT=7;

--
-- AUTO_INCREMENT for table `home_categories`
--
ALTER TABLE `home_categories`
  MODIFY `id` int(11) NOT NULL AUTO_INCREMENT, AUTO_INCREMENT=5;

--
-- AUTO_INCREMENT for table `main_categories`
--
ALTER TABLE `main_categories`
  MODIFY `id` int(11) NOT NULL AUTO_INCREMENT, AUTO_INCREMENT=13;

--
-- AUTO_INCREMENT for table `otp`
--
ALTER TABLE `otp`
  MODIFY `id` int(20) NOT NULL AUTO_INCREMENT, AUTO_INCREMENT=995;

--
-- AUTO_INCREMENT for table `products`
--
ALTER TABLE `products`
  MODIFY `id` int(11) NOT NULL AUTO_INCREMENT, AUTO_INCREMENT=23;

--
-- AUTO_INCREMENT for table `rate_card`
--
ALTER TABLE `rate_card`
  MODIFY `id` int(50) NOT NULL AUTO_INCREMENT, AUTO_INCREMENT=23;

--
-- AUTO_INCREMENT for table `rate_visits`
--
ALTER TABLE `rate_visits`
  MODIFY `id` int(20) NOT NULL AUTO_INCREMENT, AUTO_INCREMENT=16;

--
-- AUTO_INCREMENT for table `reviews`
--
ALTER TABLE `reviews`
  MODIFY `id` int(11) NOT NULL AUTO_INCREMENT, AUTO_INCREMENT=37;

--
-- AUTO_INCREMENT for table `servicer_credit_history`
--
ALTER TABLE `servicer_credit_history`
  MODIFY `id` int(10) NOT NULL AUTO_INCREMENT, AUTO_INCREMENT=6;

--
-- AUTO_INCREMENT for table `servicer_packages`
--
ALTER TABLE `servicer_packages`
  MODIFY `id` int(10) NOT NULL AUTO_INCREMENT, AUTO_INCREMENT=2;

--
-- AUTO_INCREMENT for table `slot`
--
ALTER TABLE `slot`
  MODIFY `id` int(10) NOT NULL AUTO_INCREMENT, AUTO_INCREMENT=8;

--
-- AUTO_INCREMENT for table `subscription`
--
ALTER TABLE `subscription`
  MODIFY `id` int(11) NOT NULL AUTO_INCREMENT, AUTO_INCREMENT=7;

--
-- AUTO_INCREMENT for table `sub_categories`
--
ALTER TABLE `sub_categories`
  MODIFY `id` int(11) NOT NULL AUTO_INCREMENT, AUTO_INCREMENT=24;

--
-- AUTO_INCREMENT for table `user`
--
ALTER TABLE `user`
  MODIFY `id` int(11) NOT NULL AUTO_INCREMENT, AUTO_INCREMENT=133;

--
-- AUTO_INCREMENT for table `user_address`
--
ALTER TABLE `user_address`
  MODIFY `id` int(11) NOT NULL AUTO_INCREMENT, AUTO_INCREMENT=137;

--
-- AUTO_INCREMENT for table `user_wallet`
--
ALTER TABLE `user_wallet`
  MODIFY `id` int(50) NOT NULL AUTO_INCREMENT, AUTO_INCREMENT=7;

--
-- AUTO_INCREMENT for table `zones`
--
ALTER TABLE `zones`
  MODIFY `id` int(10) NOT NULL AUTO_INCREMENT, AUTO_INCREMENT=6;

--
-- Constraints for dumped tables
--

--
-- Constraints for table `available_slot`
--
ALTER TABLE `available_slot`
  ADD CONSTRAINT `available_slot_ibfk_1` FOREIGN KEY (`emp_id`) REFERENCES `employee` (`id`) ON DELETE CASCADE ON UPDATE CASCADE,
  ADD CONSTRAINT `available_slot_ibfk_2` FOREIGN KEY (`slot_id`) REFERENCES `slot` (`id`) ON DELETE CASCADE ON UPDATE CASCADE,
  ADD CONSTRAINT `available_slot_ibfk_3` FOREIGN KEY (`zone_id`) REFERENCES `zones` (`id`) ON DELETE CASCADE ON UPDATE CASCADE;

--
-- Constraints for table `booking`
--
ALTER TABLE `booking`
  ADD CONSTRAINT `booking_ibfk_1` FOREIGN KEY (`slot_id`) REFERENCES `slot` (`id`) ON DELETE CASCADE ON UPDATE CASCADE,
  ADD CONSTRAINT `booking_ibfk_2` FOREIGN KEY (`user_address_id`) REFERENCES `user_address` (`id`) ON DELETE CASCADE ON UPDATE CASCADE,
  ADD CONSTRAINT `booking_ibfk_3` FOREIGN KEY (`user_id`) REFERENCES `user` (`id`) ON DELETE CASCADE ON UPDATE CASCADE,
  ADD CONSTRAINT `booking_ibfk_4` FOREIGN KEY (`emp_id`) REFERENCES `employee` (`id`) ON DELETE CASCADE ON UPDATE CASCADE,
  ADD CONSTRAINT `booking_ibfk_5` FOREIGN KEY (`home_category_id`) REFERENCES `home_categories` (`id`) ON DELETE CASCADE ON UPDATE CASCADE;

--
-- Constraints for table `booking_item`
--
ALTER TABLE `booking_item`
  ADD CONSTRAINT `booking_item_ibfk_1` FOREIGN KEY (`booking_id`) REFERENCES `booking` (`id`) ON DELETE CASCADE ON UPDATE CASCADE,
  ADD CONSTRAINT `booking_item_ibfk_2` FOREIGN KEY (`product_id`) REFERENCES `products` (`id`) ON DELETE CASCADE ON UPDATE CASCADE;

--
-- Constraints for table `booking_item_23`
--
ALTER TABLE `booking_item_23`
  ADD CONSTRAINT `booking_item_23_ibfk_1` FOREIGN KEY (`booking_id`) REFERENCES `booking` (`id`) ON DELETE CASCADE ON UPDATE CASCADE,
  ADD CONSTRAINT `booking_item_23_ibfk_2` FOREIGN KEY (`main_category_id`) REFERENCES `main_categories` (`id`) ON DELETE CASCADE ON UPDATE CASCADE,
  ADD CONSTRAINT `booking_item_23_ibfk_3` FOREIGN KEY (`slot_id`) REFERENCES `slot` (`id`) ON DELETE CASCADE ON UPDATE CASCADE,
  ADD CONSTRAINT `booking_item_23_ibfk_4` FOREIGN KEY (`emp_id`) REFERENCES `employee` (`id`) ON DELETE CASCADE ON UPDATE CASCADE,
  ADD CONSTRAINT `booking_item_23_ibfk_5` FOREIGN KEY (`user_address_id`) REFERENCES `user_address` (`id`) ON DELETE CASCADE ON UPDATE CASCADE,
  ADD CONSTRAINT `booking_item_23_ibfk_6` FOREIGN KEY (`main_category_id_chosen`) REFERENCES `main_categories` (`id`) ON DELETE CASCADE ON UPDATE CASCADE;

--
-- Constraints for table `cart`
--
ALTER TABLE `cart`
  ADD CONSTRAINT `cart_ibfk_5` FOREIGN KEY (`home_category_id`) REFERENCES `home_categories` (`id`) ON DELETE CASCADE ON UPDATE CASCADE,
  ADD CONSTRAINT `cart_ibfk_2` FOREIGN KEY (`user_id`) REFERENCES `user` (`id`) ON DELETE CASCADE ON UPDATE CASCADE,
  ADD CONSTRAINT `cart_ibfk_3` FOREIGN KEY (`user_address_id`) REFERENCES `user_address` (`id`) ON DELETE CASCADE ON UPDATE CASCADE,
  ADD CONSTRAINT `cart_ibfk_4` FOREIGN KEY (`slot_id`) REFERENCES `slot` (`id`) ON DELETE CASCADE ON UPDATE CASCADE;

--
-- Constraints for table `cart_item`
--
ALTER TABLE `cart_item`
  ADD CONSTRAINT `cart_item_ibfk_4` FOREIGN KEY (`main_category_id_chosen`) REFERENCES `main_categories` (`id`) ON DELETE CASCADE ON UPDATE CASCADE,
  ADD CONSTRAINT `cart_item_ibfk_1` FOREIGN KEY (`cart_id`) REFERENCES `cart` (`id`) ON DELETE CASCADE ON UPDATE CASCADE,
  ADD CONSTRAINT `cart_item_ibfk_2` FOREIGN KEY (`product_id`) REFERENCES `products` (`id`) ON DELETE CASCADE ON UPDATE CASCADE,
  ADD CONSTRAINT `cart_item_ibfk_3` FOREIGN KEY (`main_category_id`) REFERENCES `main_categories` (`id`) ON DELETE CASCADE ON UPDATE CASCADE;

--
-- Constraints for table `employee`
--
ALTER TABLE `employee`
  ADD CONSTRAINT `employee_ibfk_1` FOREIGN KEY (`zone_id`) REFERENCES `zones` (`id`) ON DELETE CASCADE ON UPDATE CASCADE;

--
-- Constraints for table `employee_account_details`
--
ALTER TABLE `employee_account_details`
  ADD CONSTRAINT `employee_account_details_ibfk_1` FOREIGN KEY (`emp_id`) REFERENCES `employee` (`id`) ON DELETE CASCADE ON UPDATE CASCADE,
  ADD CONSTRAINT `employee_account_details_ibfk_2` FOREIGN KEY (`bank_id`) REFERENCES `banks` (`id`) ON DELETE CASCADE ON UPDATE CASCADE;

--
-- Constraints for table `help_center_qa`
--
ALTER TABLE `help_center_qa`
  ADD CONSTRAINT `help_center_qa_ibfk_1` FOREIGN KEY (`help_id`) REFERENCES `help_center_title` (`id`) ON DELETE CASCADE ON UPDATE CASCADE;

--
-- Constraints for table `main_categories`
--
ALTER TABLE `main_categories`
  ADD CONSTRAINT `main_categories_ibfk_1` FOREIGN KEY (`home_category_id`) REFERENCES `home_categories` (`id`) ON DELETE CASCADE ON UPDATE CASCADE;

--
-- Constraints for table `products`
--
ALTER TABLE `products`
  ADD CONSTRAINT `products_ibfk_1` FOREIGN KEY (`category_id`) REFERENCES `sub_categories` (`id`) ON DELETE CASCADE ON UPDATE CASCADE;

--
-- Constraints for table `rate_card`
--
ALTER TABLE `rate_card`
  ADD CONSTRAINT `rate_card_ibfk_1` FOREIGN KEY (`sub_category_id`) REFERENCES `sub_categories` (`id`) ON DELETE CASCADE ON UPDATE CASCADE;

--
-- Constraints for table `rate_visits`
--
ALTER TABLE `rate_visits`
  ADD CONSTRAINT `rate_visits_ibfk_1` FOREIGN KEY (`main_category_id`) REFERENCES `main_categories` (`id`) ON DELETE CASCADE ON UPDATE CASCADE;

--
-- Constraints for table `reviews`
--
ALTER TABLE `reviews`
  ADD CONSTRAINT `reviews_ibfk_5` FOREIGN KEY (`visit_id`) REFERENCES `booking_item_23` (`id`) ON DELETE CASCADE ON UPDATE CASCADE,
  ADD CONSTRAINT `reviews_ibfk_2` FOREIGN KEY (`booking_id`) REFERENCES `booking` (`id`) ON DELETE CASCADE ON UPDATE CASCADE,
  ADD CONSTRAINT `reviews_ibfk_3` FOREIGN KEY (`emp_id`) REFERENCES `employee` (`id`) ON DELETE CASCADE ON UPDATE CASCADE,
  ADD CONSTRAINT `reviews_ibfk_4` FOREIGN KEY (`main_category_id`) REFERENCES `main_categories` (`id`) ON DELETE CASCADE ON UPDATE CASCADE;

--
-- Constraints for table `servicer_credit_history`
--
ALTER TABLE `servicer_credit_history`
  ADD CONSTRAINT `servicer_credit_history_ibfk_1` FOREIGN KEY (`emp_id`) REFERENCES `employee` (`id`) ON DELETE CASCADE ON UPDATE CASCADE,
  ADD CONSTRAINT `servicer_credit_history_ibfk_2` FOREIGN KEY (`type2_booking_id`) REFERENCES `booking` (`id`) ON DELETE CASCADE ON UPDATE CASCADE;

--
-- Constraints for table `sub_categories`
--
ALTER TABLE `sub_categories`
  ADD CONSTRAINT `sub_categories_ibfk_1` FOREIGN KEY (`main_category_id`) REFERENCES `main_categories` (`id`) ON DELETE CASCADE ON UPDATE CASCADE;

--
-- Constraints for table `user`
--
ALTER TABLE `user`
  ADD CONSTRAINT `user_ibfk_1` FOREIGN KEY (`user_address_id`) REFERENCES `user_address` (`id`) ON DELETE CASCADE ON UPDATE CASCADE;

--
-- Constraints for table `user_address`
--
ALTER TABLE `user_address`
  ADD CONSTRAINT `user_address_ibfk_2` FOREIGN KEY (`zone_id`) REFERENCES `zones` (`id`) ON DELETE CASCADE ON UPDATE CASCADE,
  ADD CONSTRAINT `user_address_ibfk_1` FOREIGN KEY (`user_id`) REFERENCES `user` (`id`) ON DELETE CASCADE ON UPDATE CASCADE;

--
-- Constraints for table `user_wallet`
--
ALTER TABLE `user_wallet`
  ADD CONSTRAINT `user_wallet_ibfk_2` FOREIGN KEY (`booking_id`) REFERENCES `booking` (`id`) ON DELETE CASCADE ON UPDATE CASCADE,
  ADD CONSTRAINT `user_wallet_ibfk_1` FOREIGN KEY (`user_id`) REFERENCES `user` (`id`) ON DELETE CASCADE ON UPDATE CASCADE;
COMMIT;

/*!40101 SET CHARACTER_SET_CLIENT=@OLD_CHARACTER_SET_CLIENT */;
/*!40101 SET CHARACTER_SET_RESULTS=@OLD_CHARACTER_SET_RESULTS */;
/*!40101 SET COLLATION_CONNECTION=@OLD_COLLATION_CONNECTION */;
